STAT_CODE;STAT_MODEL;NETWORK;TYPE;SENS_TYPE;PERIOD;PERIOD_UNIT_LABEL;PERIOD_UNIT;MEASUREMENT_HEIGHT;IS_PRIMARY;SENSOR_SAMPLING_FREQUENCY;SENSOR_MODEL;DIRECTIONAL_RESULT;WMO;SENS_ID
AN15;Cabine Tide gauge model;09;Termometer;Air Termometer;60;Minute;M;2.5;1;1/3600;Air Temperature and RH trasducer - T026 TTEPRH;;http://codes.wmo.int/bufr4/codeflag/0-02-096/0;
AZ42;Tube Tide gauge model;09;Termometer;Air Termometer;60;Minute;M;2.5;1;1/3600;Air Temperature and RH trasducer - T026 TTEPRH;;http://codes.wmo.int/bufr4/codeflag/0-02-096/0;
BA05;Cabine Tide gauge model;09;Termometer;Air Termometer;60;Minute;M;2.5;1;1/3600;Air Temperature and RH trasducer - T026 TTEPRH;;http://codes.wmo.int/bufr4/codeflag/0-02-096/0;
CA02;Cabine Tide gauge model;09;Termometer;Air Termometer;60;Minute;M;2.5;1;1/3600;Air Temperature and RH trasducer - T026 TTEPRH;;http://codes.wmo.int/bufr4/codeflag/0-02-096/0;
CF06;Cabine Tide gauge model;09;Termometer;Air Termometer;60;Minute;M;2.5;1;1/3600;Air Temperature and RH trasducer - T026 TTEPRH;;http://codes.wmo.int/bufr4/codeflag/0-02-096/0;
CT03;Cabine Tide gauge model;09;Termometer;Air Termometer;60;Minute;M;2.5;1;1/3600;Air Temperature and RH trasducer - T026 TTEPRH;;http://codes.wmo.int/bufr4/codeflag/0-02-096/0;
CI20;Cabine Tide gauge model;09;Termometer;Air Termometer;60;Minute;M;2.5;1;1/3600;Air Temperature and RH trasducer - T026 TTEPRH;;http://codes.wmo.int/bufr4/codeflag/0-02-096/0;
CR08;Cabine Tide gauge model;09;Termometer;Air Termometer;60;Minute;M;2.5;1;1/3600;Air Temperature and RH trasducer - T026 TTEPRH;;http://codes.wmo.int/bufr4/codeflag/0-02-096/0;
GA37;Tube Tide gauge model;09;Termometer;Air Termometer;60;Minute;M;2.5;1;1/3600;Air Temperature and RH trasducer - T026 TTEPRH;;http://codes.wmo.int/bufr4/codeflag/0-02-096/0;
GE25;Cabine Tide gauge model;09;Termometer;Air Termometer;60;Minute;M;2.5;1;1/3600;Air Temperature and RH trasducer - T026 TTEPRH;;http://codes.wmo.int/bufr4/codeflag/0-02-096/0;
GI20;Tube Tide gauge model;09;Termometer;Air Termometer;60;Minute;M;2.5;1;1/3600;Air Temperature and RH trasducer - T026 TTEPRH;;http://codes.wmo.int/bufr4/codeflag/0-02-096/0;
IM01;Cabine Tide gauge model;09;Termometer;Air Termometer;60;Minute;M;2.5;1;1/3600;Air Temperature and RH trasducer - T026 TTEPRH;;http://codes.wmo.int/bufr4/codeflag/0-02-096/0;
IT45;Tube Tide gauge model;09;Termometer;Air Termometer;60;Minute;M;2.5;1;1/3600;Air Temperature and RH trasducer - T026 TTEPRH;;http://codes.wmo.int/bufr4/codeflag/0-02-096/0;
LA38;Tube Tide gauge model;09;Termometer;Air Termometer;60;Minute;M;2.5;1;1/3600;Air Temperature and RH trasducer - T026 TTEPRH;;http://codes.wmo.int/bufr4/codeflag/0-02-096/0;
LA23;Cabine Tide gauge model;09;Termometer;Air Termometer;60;Minute;M;2.5;1;1/3600;Air Temperature and RH trasducer - T026 TTEPRH;;http://codes.wmo.int/bufr4/codeflag/0-02-096/0;
LI11;Cabine Tide gauge model;09;Termometer;Air Termometer;60;Minute;M;2.5;1;1/3600;Air Temperature and RH trasducer - T026 TTEPRH;;http://codes.wmo.int/bufr4/codeflag/0-02-096/0;
MC41;Tube Tide gauge model;09;Termometer;Air Termometer;60;Minute;M;2.5;1;1/3600;Air Temperature and RH trasducer - T026 TTEPRH;;http://codes.wmo.int/bufr4/codeflag/0-02-096/0;
ME13;Cabine Tide gauge model;09;Termometer;Air Termometer;60;Minute;M;2.5;1;1/3600;Air Temperature and RH trasducer - T026 TTEPRH;;http://codes.wmo.int/bufr4/codeflag/0-02-096/0;
NA23;Cabine Tide gauge model;09;Termometer;Air Termometer;60;Minute;M;2.5;1;1/3600;Air Temperature and RH trasducer - T026 TTEPRH;;http://codes.wmo.int/bufr4/codeflag/0-02-096/0;
OR24;Cabine Tide gauge model;09;Termometer;Air Termometer;60;Minute;M;2.5;1;1/3600;Air Temperature and RH trasducer - T026 TTEPRH;;http://codes.wmo.int/bufr4/codeflag/0-02-096/0;
OT15;Cabine Tide gauge model;09;Termometer;Air Termometer;60;Minute;M;2.5;1;1/3600;Air Temperature and RH trasducer - T026 TTEPRH;;http://codes.wmo.int/bufr4/codeflag/0-02-096/0;
PA07;Cabine Tide gauge model;09;Termometer;Air Termometer;60;Minute;M;2.5;1;1/3600;Air Temperature and RH trasducer - T026 TTEPRH;;http://codes.wmo.int/bufr4/codeflag/0-02-096/0;
PL14;Cabine Tide gauge model;09;Termometer;Air Termometer;60;Minute;M;2.5;1;1/3600;Air Temperature and RH trasducer - T026 TTEPRH;;http://codes.wmo.int/bufr4/codeflag/0-02-096/0;
PO40;Tube Tide gauge model;09;Termometer;Air Termometer;60;Minute;M;2.5;1;1/3600;Air Temperature and RH trasducer - T026 TTEPRH;;http://codes.wmo.int/bufr4/codeflag/0-02-096/0;
PE09;Cabine Tide gauge model;09;Termometer;Air Termometer;60;Minute;M;2.5;1;1/3600;Air Temperature and RH trasducer - T026 TTEPRH;;http://codes.wmo.int/bufr4/codeflag/0-02-096/0;
PT17;Cabine Tide gauge model;09;Termometer;Air Termometer;60;Minute;M;2.5;1;1/3600;Air Temperature and RH trasducer - T026 TTEPRH;;http://codes.wmo.int/bufr4/codeflag/0-02-096/0;
RA10;Cabine Tide gauge model;09;Termometer;Air Termometer;60;Minute;M;2.5;1;1/3600;Air Temperature and RH trasducer - T026 TTEPRH;;http://codes.wmo.int/bufr4/codeflag/0-02-096/0;
RC09;Cabine Tide gauge model;09;Termometer;Air Termometer;60;Minute;M;2.5;1;1/3600;Air Temperature and RH trasducer - T026 TTEPRH;;http://codes.wmo.int/bufr4/codeflag/0-02-096/0;
SA16;Cabine Tide gauge model;09;Termometer;Air Termometer;60;Minute;M;2.5;1;1/3600;Air Temperature and RH trasducer - T026 TTEPRH;;http://codes.wmo.int/bufr4/codeflag/0-02-096/0;
SB36;Tube Tide gauge model;09;Termometer;Air Termometer;60;Minute;M;2.5;1;1/3600;Air Temperature and RH trasducer - T026 TTEPRH;;http://codes.wmo.int/bufr4/codeflag/0-02-096/0;
SC43;Tube Tide gauge model;09;Termometer;Air Termometer;60;Minute;M;2.5;1;1/3600;Air Temperature and RH trasducer - T026 TTEPRH;;http://codes.wmo.int/bufr4/codeflag/0-02-096/0;
ST44;Cabine Tide gauge model;09;Termometer;Air Termometer;60;Minute;M;2.5;1;1/3600;Air Temperature and RH trasducer - T026 TTEPRH;;http://codes.wmo.int/bufr4/codeflag/0-02-096/0;
TA18;Cabine Tide gauge model;09;Termometer;Air Termometer;60;Minute;M;2.5;1;1/3600;Air Temperature and RH trasducer - T026 TTEPRH;;http://codes.wmo.int/bufr4/codeflag/0-02-096/0;
TR22;Cabine Tide gauge model;09;Termometer;Air Termometer;60;Minute;M;2.5;1;1/3600;Air Temperature and RH trasducer - T026 TTEPRH;;http://codes.wmo.int/bufr4/codeflag/0-02-096/0;
VE19;Cabine Tide gauge model;09;Termometer;Air Termometer;60;Minute;M;2.5;1;1/3600;Air Temperature and RH trasducer - T026 TTEPRH;;http://codes.wmo.int/bufr4/codeflag/0-02-096/0;
VI12;Cabine Tide gauge model;09;Termometer;Air Termometer;60;Minute;M;2.5;1;1/3600;Air Temperature and RH trasducer - T026 TTEPRH;;http://codes.wmo.int/bufr4/codeflag/0-02-096/0;
AN15;Cabine Tide gauge model;09;Anemometer;Anemometer;10;Minute;M;10;1;0;Wind Speed and Direction Trasducer - T006TVV - T007 TDV;;http://codes.wmo.int/bufr4/codeflag/0-02-169/1;
AN15;Cabine Tide gauge model;09;Anemometer;Anemometer;10;Minute;M;10;1;0;Wind Speed and Direction Trasducer - T006TVV - T007 TDV;;http://codes.wmo.int/bufr4/codeflag/0-02-169/0;
AZ42;Tube Tide gauge model;09;Anemometer;Anemometer;10;Minute;M;10;1;0;Wind Speed and Direction Trasducer - T006TVV - T007 TDV;;http://codes.wmo.int/bufr4/codeflag/0-02-169/1;
AZ42;Tube Tide gauge model;09;Anemometer;Anemometer;10;Minute;M;10;1;0;Wind Speed and Direction Trasducer - T006TVV - T007 TDV;;http://codes.wmo.int/bufr4/codeflag/0-02-169/0;
BA05;Cabine Tide gauge model;09;Anemometer;Anemometer;10;Minute;M;10;1;0;Wind Speed and Direction Trasducer - T006TVV - T007 TDV;;http://codes.wmo.int/bufr4/codeflag/0-02-169/1;
BA05;Cabine Tide gauge model;09;Anemometer;Anemometer;10;Minute;M;10;1;0;Wind Speed and Direction Trasducer - T006TVV - T007 TDV;;http://codes.wmo.int/bufr4/codeflag/0-02-169/0;
CA02;Cabine Tide gauge model;09;Anemometer;Anemometer;10;Minute;M;10;1;0;Wind Speed and Direction Trasducer - T006TVV - T007 TDV;;http://codes.wmo.int/bufr4/codeflag/0-02-169/1;
CA02;Cabine Tide gauge model;09;Anemometer;Anemometer;10;Minute;M;10;1;0;Wind Speed and Direction Trasducer - T006TVV - T007 TDV;;http://codes.wmo.int/bufr4/codeflag/0-02-169/0;
CF06;Cabine Tide gauge model;09;Anemometer;Anemometer;10;Minute;M;10;1;0;Wind Speed and Direction Trasducer - T006TVV - T007 TDV;;http://codes.wmo.int/bufr4/codeflag/0-02-169/1;
CF06;Cabine Tide gauge model;09;Anemometer;Anemometer;10;Minute;M;10;1;0;Wind Speed and Direction Trasducer - T006TVV - T007 TDV;;http://codes.wmo.int/bufr4/codeflag/0-02-169/0;
CT03;Cabine Tide gauge model;09;Anemometer;Anemometer;10;Minute;M;10;1;0;Wind Speed and Direction Trasducer - T006TVV - T007 TDV;;http://codes.wmo.int/bufr4/codeflag/0-02-169/1;
CT03;Cabine Tide gauge model;09;Anemometer;Anemometer;10;Minute;M;10;1;0;Wind Speed and Direction Trasducer - T006TVV - T007 TDV;;http://codes.wmo.int/bufr4/codeflag/0-02-169/0;
CI20;Cabine Tide gauge model;09;Anemometer;Anemometer;10;Minute;M;10;1;0;Wind Speed and Direction Trasducer - T006TVV - T007 TDV;;http://codes.wmo.int/bufr4/codeflag/0-02-169/1;
CI20;Cabine Tide gauge model;09;Anemometer;Anemometer;10;Minute;M;10;1;0;Wind Speed and Direction Trasducer - T006TVV - T007 TDV;;http://codes.wmo.int/bufr4/codeflag/0-02-169/0;
CR08;Cabine Tide gauge model;09;Anemometer;Anemometer;10;Minute;M;10;1;0;Wind Speed and Direction Trasducer - T006TVV - T007 TDV;;http://codes.wmo.int/bufr4/codeflag/0-02-169/1;
CR08;Cabine Tide gauge model;09;Anemometer;Anemometer;10;Minute;M;10;1;0;Wind Speed and Direction Trasducer - T006TVV - T007 TDV;;http://codes.wmo.int/bufr4/codeflag/0-02-169/0;
GA37;Tube Tide gauge model;09;Anemometer;Anemometer;10;Minute;M;10;1;0;Wind Speed and Direction Trasducer - T006TVV - T007 TDV;;http://codes.wmo.int/bufr4/codeflag/0-02-169/1;
GA37;Tube Tide gauge model;09;Anemometer;Anemometer;10;Minute;M;10;1;0;Wind Speed and Direction Trasducer - T006TVV - T007 TDV;;http://codes.wmo.int/bufr4/codeflag/0-02-169/0;
GE25;Cabine Tide gauge model;09;Anemometer;Anemometer;10;Minute;M;10;1;0;Wind Speed and Direction Trasducer - T006TVV - T007 TDV;;http://codes.wmo.int/bufr4/codeflag/0-02-169/1;
GE25;Cabine Tide gauge model;09;Anemometer;Anemometer;10;Minute;M;10;1;0;Wind Speed and Direction Trasducer - T006TVV - T007 TDV;;http://codes.wmo.int/bufr4/codeflag/0-02-169/0;
GI20;Tube Tide gauge model;09;Anemometer;Anemometer;10;Minute;M;10;1;0;Wind Speed and Direction Trasducer - T006TVV - T007 TDV;;http://codes.wmo.int/bufr4/codeflag/0-02-169/1;
GI20;Tube Tide gauge model;09;Anemometer;Anemometer;10;Minute;M;10;1;0;Wind Speed and Direction Trasducer - T006TVV - T007 TDV;;http://codes.wmo.int/bufr4/codeflag/0-02-169/0;
IM01;Cabine Tide gauge model;09;Anemometer;Anemometer;10;Minute;M;10;1;0;Wind Speed and Direction Trasducer - T006TVV - T007 TDV;;http://codes.wmo.int/bufr4/codeflag/0-02-169/1;
IM01;Cabine Tide gauge model;09;Anemometer;Anemometer;10;Minute;M;10;1;0;Wind Speed and Direction Trasducer - T006TVV - T007 TDV;;http://codes.wmo.int/bufr4/codeflag/0-02-169/0;
IT45;Tube Tide gauge model;09;Anemometer;Anemometer;10;Minute;M;10;1;0;Wind Speed and Direction Trasducer - T006TVV - T007 TDV;;http://codes.wmo.int/bufr4/codeflag/0-02-169/1;
IT45;Tube Tide gauge model;09;Anemometer;Anemometer;10;Minute;M;10;1;0;Wind Speed and Direction Trasducer - T006TVV - T007 TDV;;http://codes.wmo.int/bufr4/codeflag/0-02-169/0;
LA38;Tube Tide gauge model;09;Anemometer;Anemometer;10;Minute;M;10;1;0;Wind Speed and Direction Trasducer - T006TVV - T007 TDV;;http://codes.wmo.int/bufr4/codeflag/0-02-169/1;
LA38;Tube Tide gauge model;09;Anemometer;Anemometer;10;Minute;M;10;1;0;Wind Speed and Direction Trasducer - T006TVV - T007 TDV;;http://codes.wmo.int/bufr4/codeflag/0-02-169/0;
LA23;Cabine Tide gauge model;09;Anemometer;Anemometer;10;Minute;M;10;1;0;Wind Speed and Direction Trasducer - T006TVV - T007 TDV;;http://codes.wmo.int/bufr4/codeflag/0-02-169/1;
LA23;Cabine Tide gauge model;09;Anemometer;Anemometer;10;Minute;M;10;1;0;Wind Speed and Direction Trasducer - T006TVV - T007 TDV;;http://codes.wmo.int/bufr4/codeflag/0-02-169/0;
LI11;Cabine Tide gauge model;09;Anemometer;Anemometer;10;Minute;M;10;1;0;Wind Speed and Direction Trasducer - T006TVV - T007 TDV;;http://codes.wmo.int/bufr4/codeflag/0-02-169/1;
LI11;Cabine Tide gauge model;09;Anemometer;Anemometer;10;Minute;M;10;1;0;Wind Speed and Direction Trasducer - T006TVV - T007 TDV;;http://codes.wmo.int/bufr4/codeflag/0-02-169/0;
MC41;Tube Tide gauge model;09;Anemometer;Anemometer;10;Minute;M;10;1;0;Wind Speed and Direction Trasducer - T006TVV - T007 TDV;;http://codes.wmo.int/bufr4/codeflag/0-02-169/1;
MC41;Tube Tide gauge model;09;Anemometer;Anemometer;10;Minute;M;10;1;0;Wind Speed and Direction Trasducer - T006TVV - T007 TDV;;http://codes.wmo.int/bufr4/codeflag/0-02-169/0;
ME13;Cabine Tide gauge model;09;Anemometer;Anemometer;10;Minute;M;10;1;0;Wind Speed and Direction Trasducer - T006TVV - T007 TDV;;http://codes.wmo.int/bufr4/codeflag/0-02-169/1;
ME13;Cabine Tide gauge model;09;Anemometer;Anemometer;10;Minute;M;10;1;0;Wind Speed and Direction Trasducer - T006TVV - T007 TDV;;http://codes.wmo.int/bufr4/codeflag/0-02-169/0;
NA23;Cabine Tide gauge model;09;Anemometer;Anemometer;10;Minute;M;10;1;0;Wind Speed and Direction Trasducer - T006TVV - T007 TDV;;http://codes.wmo.int/bufr4/codeflag/0-02-169/1;
NA23;Cabine Tide gauge model;09;Anemometer;Anemometer;10;Minute;M;10;1;0;Wind Speed and Direction Trasducer - T006TVV - T007 TDV;;http://codes.wmo.int/bufr4/codeflag/0-02-169/0;
OR24;Cabine Tide gauge model;09;Anemometer;Anemometer;10;Minute;M;10;1;0;Wind Speed and Direction Trasducer - T006TVV - T007 TDV;;http://codes.wmo.int/bufr4/codeflag/0-02-169/1;
OR24;Cabine Tide gauge model;09;Anemometer;Anemometer;10;Minute;M;10;1;0;Wind Speed and Direction Trasducer - T006TVV - T007 TDV;;http://codes.wmo.int/bufr4/codeflag/0-02-169/0;
OT15;Cabine Tide gauge model;09;Anemometer;Anemometer;10;Minute;M;10;1;0;Wind Speed and Direction Trasducer - T006TVV - T007 TDV;;http://codes.wmo.int/bufr4/codeflag/0-02-169/1;
OT15;Cabine Tide gauge model;09;Anemometer;Anemometer;10;Minute;M;10;1;0;Wind Speed and Direction Trasducer - T006TVV - T007 TDV;;http://codes.wmo.int/bufr4/codeflag/0-02-169/0;
PA07;Cabine Tide gauge model;09;Anemometer;Anemometer;10;Minute;M;10;1;0;Wind Speed and Direction Trasducer - T006TVV - T007 TDV;;http://codes.wmo.int/bufr4/codeflag/0-02-169/1;
PA07;Cabine Tide gauge model;09;Anemometer;Anemometer;10;Minute;M;10;1;0;Wind Speed and Direction Trasducer - T006TVV - T007 TDV;;http://codes.wmo.int/bufr4/codeflag/0-02-169/0;
PL14;Cabine Tide gauge model;09;Anemometer;Anemometer;10;Minute;M;10;1;0;Wind Speed and Direction Trasducer - T006TVV - T007 TDV;;http://codes.wmo.int/bufr4/codeflag/0-02-169/1;
PL14;Cabine Tide gauge model;09;Anemometer;Anemometer;10;Minute;M;10;1;0;Wind Speed and Direction Trasducer - T006TVV - T007 TDV;;http://codes.wmo.int/bufr4/codeflag/0-02-169/0;
PO40;Tube Tide gauge model;09;Anemometer;Anemometer;10;Minute;M;10;1;0;Wind Speed and Direction Trasducer - T006TVV - T007 TDV;;http://codes.wmo.int/bufr4/codeflag/0-02-169/1;
PO40;Tube Tide gauge model;09;Anemometer;Anemometer;10;Minute;M;10;1;0;Wind Speed and Direction Trasducer - T006TVV - T007 TDV;;http://codes.wmo.int/bufr4/codeflag/0-02-169/0;
PE09;Cabine Tide gauge model;09;Anemometer;Anemometer;10;Minute;M;10;1;0;Wind Speed and Direction Trasducer - T006TVV - T007 TDV;;http://codes.wmo.int/bufr4/codeflag/0-02-169/1;
PE09;Cabine Tide gauge model;09;Anemometer;Anemometer;10;Minute;M;10;1;0;Wind Speed and Direction Trasducer - T006TVV - T007 TDV;;http://codes.wmo.int/bufr4/codeflag/0-02-169/0;
PT17;Cabine Tide gauge model;09;Anemometer;Anemometer;10;Minute;M;10;1;0;Wind Speed and Direction Trasducer - T006TVV - T007 TDV;;http://codes.wmo.int/bufr4/codeflag/0-02-169/1;
PT17;Cabine Tide gauge model;09;Anemometer;Anemometer;10;Minute;M;10;1;0;Wind Speed and Direction Trasducer - T006TVV - T007 TDV;;http://codes.wmo.int/bufr4/codeflag/0-02-169/0;
RA10;Cabine Tide gauge model;09;Anemometer;Anemometer;10;Minute;M;10;1;0;Wind Speed and Direction Trasducer - T006TVV - T007 TDV;;http://codes.wmo.int/bufr4/codeflag/0-02-169/1;
RA10;Cabine Tide gauge model;09;Anemometer;Anemometer;10;Minute;M;10;1;0;Wind Speed and Direction Trasducer - T006TVV - T007 TDV;;http://codes.wmo.int/bufr4/codeflag/0-02-169/0;
RC09;Cabine Tide gauge model;09;Anemometer;Anemometer;10;Minute;M;10;1;0;Wind Speed and Direction Trasducer - T006TVV - T007 TDV;;http://codes.wmo.int/bufr4/codeflag/0-02-169/1;
RC09;Cabine Tide gauge model;09;Anemometer;Anemometer;10;Minute;M;10;1;0;Wind Speed and Direction Trasducer - T006TVV - T007 TDV;;http://codes.wmo.int/bufr4/codeflag/0-02-169/0;
SA16;Cabine Tide gauge model;09;Anemometer;Anemometer;10;Minute;M;10;1;0;Wind Speed and Direction Trasducer - T006TVV - T007 TDV;;http://codes.wmo.int/bufr4/codeflag/0-02-169/1;
SA16;Cabine Tide gauge model;09;Anemometer;Anemometer;10;Minute;M;10;1;0;Wind Speed and Direction Trasducer - T006TVV - T007 TDV;;http://codes.wmo.int/bufr4/codeflag/0-02-169/0;
SB36;Tube Tide gauge model;09;Anemometer;Anemometer;10;Minute;M;10;1;0;Wind Speed and Direction Trasducer - T006TVV - T007 TDV;;http://codes.wmo.int/bufr4/codeflag/0-02-169/1;
SB36;Tube Tide gauge model;09;Anemometer;Anemometer;10;Minute;M;10;1;0;Wind Speed and Direction Trasducer - T006TVV - T007 TDV;;http://codes.wmo.int/bufr4/codeflag/0-02-169/0;
SC43;Tube Tide gauge model;09;Anemometer;Anemometer;10;Minute;M;10;1;0;Wind Speed and Direction Trasducer - T006TVV - T007 TDV;;http://codes.wmo.int/bufr4/codeflag/0-02-169/1;
SC43;Tube Tide gauge model;09;Anemometer;Anemometer;10;Minute;M;10;1;0;Wind Speed and Direction Trasducer - T006TVV - T007 TDV;;http://codes.wmo.int/bufr4/codeflag/0-02-169/0;
ST44;Cabine Tide gauge model;09;Anemometer;Anemometer;10;Minute;M;10;1;0;Wind Speed and Direction Trasducer - T006TVV - T007 TDV;;http://codes.wmo.int/bufr4/codeflag/0-02-169/1;
ST44;Cabine Tide gauge model;09;Anemometer;Anemometer;10;Minute;M;10;1;0;Wind Speed and Direction Trasducer - T006TVV - T007 TDV;;http://codes.wmo.int/bufr4/codeflag/0-02-169/0;
TA18;Cabine Tide gauge model;09;Anemometer;Anemometer;10;Minute;M;10;1;0;Wind Speed and Direction Trasducer - T006TVV - T007 TDV;;http://codes.wmo.int/bufr4/codeflag/0-02-169/1;
TA18;Cabine Tide gauge model;09;Anemometer;Anemometer;10;Minute;M;10;1;0;Wind Speed and Direction Trasducer - T006TVV - T007 TDV;;http://codes.wmo.int/bufr4/codeflag/0-02-169/0;
TR22;Cabine Tide gauge model;09;Anemometer;Anemometer;10;Minute;M;10;1;0;Wind Speed and Direction Trasducer - T006TVV - T007 TDV;;http://codes.wmo.int/bufr4/codeflag/0-02-169/1;
TR22;Cabine Tide gauge model;09;Anemometer;Anemometer;10;Minute;M;10;1;0;Wind Speed and Direction Trasducer - T006TVV - T007 TDV;;http://codes.wmo.int/bufr4/codeflag/0-02-169/0;
VE19;Cabine Tide gauge model;09;Anemometer;Anemometer;10;Minute;M;10;1;0;Wind Speed and Direction Trasducer - T006TVV - T007 TDV;;http://codes.wmo.int/bufr4/codeflag/0-02-169/1;
VE19;Cabine Tide gauge model;09;Anemometer;Anemometer;10;Minute;M;10;1;0;Wind Speed and Direction Trasducer - T006TVV - T007 TDV;;http://codes.wmo.int/bufr4/codeflag/0-02-169/0;
VI12;Cabine Tide gauge model;09;Anemometer;Anemometer;10;Minute;M;10;1;0;Wind Speed and Direction Trasducer - T006TVV - T007 TDV;;http://codes.wmo.int/bufr4/codeflag/0-02-169/1;
VI12;Cabine Tide gauge model;09;Anemometer;Anemometer;10;Minute;M;10;1;0;Wind Speed and Direction Trasducer - T006TVV - T007 TDV;;http://codes.wmo.int/bufr4/codeflag/0-02-169/0;
AN15;Cabine Tide gauge model;09;Barometer;Barometer;60;Minute;M;2;1;1/3600;Barometric Transducer Capacitor - VAISALA PTB220B;;http://codes.wmo.int/bufr4/codeflag/0-02-095/3;
AZ42;Tube Tide gauge model;09;Barometer;Barometer;60;Minute;M;2;1;1/3600;Barometric Transducer Capacitor - VAISALA PTB220B;;http://codes.wmo.int/bufr4/codeflag/0-02-095/3;
BA05;Cabine Tide gauge model;09;Barometer;Barometer;60;Minute;M;2;1;1/3600;Barometric Transducer Capacitor - VAISALA PTB220B;;http://codes.wmo.int/bufr4/codeflag/0-02-095/3;
CA02;Cabine Tide gauge model;09;Barometer;Barometer;60;Minute;M;2;1;1/3600;Barometric Transducer Capacitor - VAISALA PTB220B;;http://codes.wmo.int/bufr4/codeflag/0-02-095/3;
CF06;Cabine Tide gauge model;09;Barometer;Barometer;60;Minute;M;2;1;1/3600;Barometric Transducer Capacitor - VAISALA PTB220B;;http://codes.wmo.int/bufr4/codeflag/0-02-095/3;
CT03;Cabine Tide gauge model;09;Barometer;Barometer;60;Minute;M;2;1;1/3600;Barometric Transducer Capacitor - VAISALA PTB220B;;http://codes.wmo.int/bufr4/codeflag/0-02-095/3;
CI20;Cabine Tide gauge model;09;Barometer;Barometer;60;Minute;M;2;1;1/3600;Barometric Transducer Capacitor - VAISALA PTB220B;;http://codes.wmo.int/bufr4/codeflag/0-02-095/3;
CR08;Cabine Tide gauge model;09;Barometer;Barometer;60;Minute;M;2;1;1/3600;Barometric Transducer Capacitor - VAISALA PTB220B;;http://codes.wmo.int/bufr4/codeflag/0-02-095/3;
GA37;Tube Tide gauge model;09;Barometer;Barometer;60;Minute;M;2;1;1/3600;Barometric Transducer Capacitor - VAISALA PTB220B;;http://codes.wmo.int/bufr4/codeflag/0-02-095/3;
GE25;Cabine Tide gauge model;09;Barometer;Barometer;60;Minute;M;2;1;1/3600;Barometric Transducer Capacitor - VAISALA PTB220B;;http://codes.wmo.int/bufr4/codeflag/0-02-095/3;
GI20;Tube Tide gauge model;09;Barometer;Barometer;60;Minute;M;2;1;1/3600;Barometric Transducer Capacitor - VAISALA PTB220B;;http://codes.wmo.int/bufr4/codeflag/0-02-095/3;
IM01;Cabine Tide gauge model;09;Barometer;Barometer;60;Minute;M;2;1;1/3600;Barometric Transducer Capacitor - VAISALA PTB220B;;http://codes.wmo.int/bufr4/codeflag/0-02-095/3;
IT45;Tube Tide gauge model;09;Barometer;Barometer;60;Minute;M;2;1;1/3600;Barometric Transducer Capacitor - VAISALA PTB220B;;http://codes.wmo.int/bufr4/codeflag/0-02-095/3;
LA38;Tube Tide gauge model;09;Barometer;Barometer;60;Minute;M;2;1;1/3600;Barometric Transducer Capacitor - VAISALA PTB220B;;http://codes.wmo.int/bufr4/codeflag/0-02-095/3;
LA23;Cabine Tide gauge model;09;Barometer;Barometer;60;Minute;M;2;1;1/3600;Barometric Transducer Capacitor - VAISALA PTB220B;;http://codes.wmo.int/bufr4/codeflag/0-02-095/3;
LI11;Cabine Tide gauge model;09;Barometer;Barometer;60;Minute;M;2;1;1/3600;Barometric Transducer Capacitor - VAISALA PTB220B;;http://codes.wmo.int/bufr4/codeflag/0-02-095/3;
MC41;Tube Tide gauge model;09;Barometer;Barometer;60;Minute;M;2;1;1/3600;Barometric Transducer Capacitor - VAISALA PTB220B;;http://codes.wmo.int/bufr4/codeflag/0-02-095/3;
ME13;Cabine Tide gauge model;09;Barometer;Barometer;60;Minute;M;2;1;1/3600;Barometric Transducer Capacitor - VAISALA PTB220B;;http://codes.wmo.int/bufr4/codeflag/0-02-095/3;
NA23;Cabine Tide gauge model;09;Barometer;Barometer;60;Minute;M;2;1;1/3600;Barometric Transducer Capacitor - VAISALA PTB220B;;http://codes.wmo.int/bufr4/codeflag/0-02-095/3;
OR24;Cabine Tide gauge model;09;Barometer;Barometer;60;Minute;M;2;1;1/3600;Barometric Transducer Capacitor - VAISALA PTB220B;;http://codes.wmo.int/bufr4/codeflag/0-02-095/3;
OT15;Cabine Tide gauge model;09;Barometer;Barometer;60;Minute;M;2;1;1/3600;Barometric Transducer Capacitor - VAISALA PTB220B;;http://codes.wmo.int/bufr4/codeflag/0-02-095/3;
PA07;Cabine Tide gauge model;09;Barometer;Barometer;60;Minute;M;2;1;1/3600;Barometric Transducer Capacitor - VAISALA PTB220B;;http://codes.wmo.int/bufr4/codeflag/0-02-095/3;
PL14;Cabine Tide gauge model;09;Barometer;Barometer;60;Minute;M;2;1;1/3600;Barometric Transducer Capacitor - VAISALA PTB220B;;http://codes.wmo.int/bufr4/codeflag/0-02-095/3;
PO40;Tube Tide gauge model;09;Barometer;Barometer;60;Minute;M;2;1;1/3600;Barometric Transducer Capacitor - VAISALA PTB220B;;http://codes.wmo.int/bufr4/codeflag/0-02-095/3;
PE09;Cabine Tide gauge model;09;Barometer;Barometer;60;Minute;M;2;1;1/3600;Barometric Transducer Capacitor - VAISALA PTB220B;;http://codes.wmo.int/bufr4/codeflag/0-02-095/3;
PT17;Cabine Tide gauge model;09;Barometer;Barometer;60;Minute;M;2;1;1/3600;Barometric Transducer Capacitor - VAISALA PTB220B;;http://codes.wmo.int/bufr4/codeflag/0-02-095/3;
RA10;Cabine Tide gauge model;09;Barometer;Barometer;60;Minute;M;2;1;1/3600;Barometric Transducer Capacitor - VAISALA PTB220B;;http://codes.wmo.int/bufr4/codeflag/0-02-095/3;
RC09;Cabine Tide gauge model;09;Barometer;Barometer;60;Minute;M;2;1;1/3600;Barometric Transducer Capacitor - VAISALA PTB220B;;http://codes.wmo.int/bufr4/codeflag/0-02-095/3;
SA16;Cabine Tide gauge model;09;Barometer;Barometer;60;Minute;M;2;1;1/3600;Barometric Transducer Capacitor - VAISALA PTB220B;;http://codes.wmo.int/bufr4/codeflag/0-02-095/3;
SB36;Tube Tide gauge model;09;Barometer;Barometer;60;Minute;M;2;1;1/3600;Barometric Transducer Capacitor - VAISALA PTB220B;;http://codes.wmo.int/bufr4/codeflag/0-02-095/3;
SC43;Tube Tide gauge model;09;Barometer;Barometer;60;Minute;M;2;1;1/3600;Barometric Transducer Capacitor - VAISALA PTB220B;;http://codes.wmo.int/bufr4/codeflag/0-02-095/3;
ST44;Cabine Tide gauge model;09;Barometer;Barometer;60;Minute;M;2;1;1/3600;Barometric Transducer Capacitor - VAISALA PTB220B;;http://codes.wmo.int/bufr4/codeflag/0-02-095/3;
TA18;Cabine Tide gauge model;09;Barometer;Barometer;60;Minute;M;2;1;1/3600;Barometric Transducer Capacitor - VAISALA PTB220B;;http://codes.wmo.int/bufr4/codeflag/0-02-095/3;
TR22;Cabine Tide gauge model;09;Barometer;Barometer;60;Minute;M;2;1;1/3600;Barometric Transducer Capacitor - VAISALA PTB220B;;http://codes.wmo.int/bufr4/codeflag/0-02-095/3;
VE19;Cabine Tide gauge model;09;Barometer;Barometer;60;Minute;M;2;1;1/3600;Barometric Transducer Capacitor - VAISALA PTB220B;;http://codes.wmo.int/bufr4/codeflag/0-02-095/3;
VI12;Cabine Tide gauge model;09;Barometer;Barometer;60;Minute;M;2;1;1/3600;Barometric Transducer Capacitor - VAISALA PTB220B;;http://codes.wmo.int/bufr4/codeflag/0-02-095/3;
AN15;Cabine Tide gauge model;09;Hydrometer;Hydrometer;10;Minute;M;0;1;1;Radar TLR;;;
AN15;Cabine Tide gauge model;09;Hydrometer;Hydrometer;1;Minute;M;0;1;1;Radar TLR;;;
AN15;Cabine Tide gauge model;09;Hydrometer;Hydrometer;30;Minute;M;0;1;1;Radar TLR;;;
AN15;Cabine Tide gauge model;09;Hydrometer;Hydrometer;10;Minute;M;0;1;1;Radar TLR;;;
AN15;Cabine Tide gauge model;09;Hydrometer;Hydrometer;1;Minute;M;0;1;1;Radar TLR;;;
AN15;Cabine Tide gauge model;09;Hydrometer;Hydrometer;30;Minute;M;0;1;1;Radar TLR;;;
AZ42;Tube Tide gauge model;09;Hydrometer;Hydrometer;10;Minute;M;0;1;1;Radar TLR;;;
AZ42;Tube Tide gauge model;09;Hydrometer;Hydrometer;1;Minute;M;0;1;1;Radar TLR;;;
AZ42;Tube Tide gauge model;09;Hydrometer;Hydrometer;30;Minute;M;0;1;1;Radar TLR;;;
AZ42;Tube Tide gauge model;09;Hydrometer;Hydrometer;10;Minute;M;0;1;1;Radar TLR;;;
AZ42;Tube Tide gauge model;09;Hydrometer;Hydrometer;30;Minute;M;0;1;1;Radar TLR;;;
BA05;Cabine Tide gauge model;09;Hydrometer;Hydrometer;10;Minute;M;0;1;1;Radar TLR;;;
BA05;Cabine Tide gauge model;09;Hydrometer;Hydrometer;1;Minute;M;0;1;1;Radar TLR;;;
BA05;Cabine Tide gauge model;09;Hydrometer;Hydrometer;30;Minute;M;0;1;1;Radar TLR;;;
BA05;Cabine Tide gauge model;09;Hydrometer;Hydrometer;10;Minute;M;0;1;1;Radar TLR;;;
BA05;Cabine Tide gauge model;09;Hydrometer;Hydrometer;1;Minute;M;0;1;1;Radar TLR;;;
BA05;Cabine Tide gauge model;09;Hydrometer;Hydrometer;30;Minute;M;0;1;1;Radar TLR;;;
CA02;Cabine Tide gauge model;09;Hydrometer;Hydrometer;10;Minute;M;0;1;1;Radar TLR;;;
CA02;Cabine Tide gauge model;09;Hydrometer;Hydrometer;1;Minute;M;0;1;1;Radar TLR;;;
CA02;Cabine Tide gauge model;09;Hydrometer;Hydrometer;30;Minute;M;0;1;1;Radar TLR;;;
CA02;Cabine Tide gauge model;09;Hydrometer;Hydrometer;10;Minute;M;0;1;1;Radar TLR;;;
CA02;Cabine Tide gauge model;09;Hydrometer;Hydrometer;1;Minute;M;0;1;1;Radar TLR;;;
CF06;Cabine Tide gauge model;09;Hydrometer;Hydrometer;10;Minute;M;0;1;1;Radar TLR;;;
CF06;Cabine Tide gauge model;09;Hydrometer;Hydrometer;1;Minute;M;0;1;1;Radar TLR;;;
CF06;Cabine Tide gauge model;09;Hydrometer;Hydrometer;30;Minute;M;0;1;1;Radar TLR;;;
CF06;Cabine Tide gauge model;09;Hydrometer;Hydrometer;10;Minute;M;0;1;1;Radar TLR;;;
CF06;Cabine Tide gauge model;09;Hydrometer;Hydrometer;1;Minute;M;0;1;1;Radar TLR;;;
CF06;Cabine Tide gauge model;09;Hydrometer;Hydrometer;30;Minute;M;0;1;1;Radar TLR;;;
CT03;Cabine Tide gauge model;09;Hydrometer;Hydrometer;10;Minute;M;0;1;1;Radar TLR;;;
CT03;Cabine Tide gauge model;09;Hydrometer;Hydrometer;1;Minute;M;0;1;1;Radar TLR;;;
CT03;Cabine Tide gauge model;09;Hydrometer;Hydrometer;30;Minute;M;0;1;1;Radar TLR;;;
CT03;Cabine Tide gauge model;09;Hydrometer;Hydrometer;10;Minute;M;0;1;1;Radar TLR;;;
CT03;Cabine Tide gauge model;09;Hydrometer;Hydrometer;1;Minute;M;0;1;1;Radar TLR;;;
CT03;Cabine Tide gauge model;09;Hydrometer;Hydrometer;30;Minute;M;0;1;1;Radar TLR;;;
CI20;Cabine Tide gauge model;09;Hydrometer;Hydrometer;10;Minute;M;0;1;1;Radar TLR;;;
CI20;Cabine Tide gauge model;09;Hydrometer;Hydrometer;1;Minute;M;0;1;1;Radar TLR;;;
CI20;Cabine Tide gauge model;09;Hydrometer;Hydrometer;30;Minute;M;0;1;1;Radar TLR;;;
CI20;Cabine Tide gauge model;09;Hydrometer;Hydrometer;10;Minute;M;0;1;1;Radar TLR;;;
CI20;Cabine Tide gauge model;09;Hydrometer;Hydrometer;1;Minute;M;0;1;1;Radar TLR;;;
CI20;Cabine Tide gauge model;09;Hydrometer;Hydrometer;30;Minute;M;0;1;1;Radar TLR;;;
CR08;Cabine Tide gauge model;09;Hydrometer;Hydrometer;10;Minute;M;0;1;1;Radar TLR;;;
CR08;Cabine Tide gauge model;09;Hydrometer;Hydrometer;1;Minute;M;0;1;1;Radar TLR;;;
CR08;Cabine Tide gauge model;09;Hydrometer;Hydrometer;30;Minute;M;0;1;1;Radar TLR;;;
CR08;Cabine Tide gauge model;09;Hydrometer;Hydrometer;10;Minute;M;0;1;1;Radar TLR;;;
CR08;Cabine Tide gauge model;09;Hydrometer;Hydrometer;1;Minute;M;0;1;1;Radar TLR;;;
GA37;Tube Tide gauge model;09;Hydrometer;Hydrometer;10;Minute;M;0;1;1;Radar TLR;;;
GA37;Tube Tide gauge model;09;Hydrometer;Hydrometer;1;Minute;M;0;1;1;Radar TLR;;;
GA37;Tube Tide gauge model;09;Hydrometer;Hydrometer;30;Minute;M;0;1;1;Radar TLR;;;
GA37;Tube Tide gauge model;09;Hydrometer;Hydrometer;10;Minute;M;0;1;1;Radar TLR;;;
GA37;Tube Tide gauge model;09;Hydrometer;Hydrometer;1;Minute;M;0;1;1;Radar TLR;;;
GA37;Tube Tide gauge model;09;Hydrometer;Hydrometer;30;Minute;M;0;1;1;Radar TLR;;;
GE25;Cabine Tide gauge model;09;Hydrometer;Hydrometer;10;Minute;M;0;1;1;Radar TLR;;;
GE25;Cabine Tide gauge model;09;Hydrometer;Hydrometer;1;Minute;M;0;1;1;Radar TLR;;;
GE25;Cabine Tide gauge model;09;Hydrometer;Hydrometer;30;Minute;M;0;1;1;Radar TLR;;;
GE25;Cabine Tide gauge model;09;Hydrometer;Hydrometer;10;Minute;M;0;1;1;Radar TLR;;;
GE25;Cabine Tide gauge model;09;Hydrometer;Hydrometer;1;Minute;M;0;1;1;Radar TLR;;;
GE25;Cabine Tide gauge model;09;Hydrometer;Hydrometer;30;Minute;M;0;1;1;Radar TLR;;;
IM01;Cabine Tide gauge model;09;Hydrometer;Hydrometer;10;Minute;M;0;1;1;Radar TLR;;;
IM01;Cabine Tide gauge model;09;Hydrometer;Hydrometer;1;Minute;M;0;1;1;Radar TLR;;;
IM01;Cabine Tide gauge model;09;Hydrometer;Hydrometer;30;Minute;M;0;1;1;Radar TLR;;;
IM01;Cabine Tide gauge model;09;Hydrometer;Hydrometer;10;Minute;M;0;1;1;Radar TLR;;;
IM01;Cabine Tide gauge model;09;Hydrometer;Hydrometer;1;Minute;M;0;1;1;Radar TLR;;;
IM01;Cabine Tide gauge model;09;Hydrometer;Hydrometer;30;Minute;M;0;1;1;Radar TLR;;;
IT45;Tube Tide gauge model;09;Hydrometer;Hydrometer;10;Minute;M;0;1;1;Radar TLR;;;
IT45;Tube Tide gauge model;09;Hydrometer;Hydrometer;1;Minute;M;0;1;1;Radar TLR;;;
IT45;Tube Tide gauge model;09;Hydrometer;Hydrometer;30;Minute;M;0;1;1;Radar TLR;;;
IT45;Tube Tide gauge model;09;Hydrometer;Hydrometer;1;Minute;M;0;1;1;Radar TLR;;;
IT45;Tube Tide gauge model;09;Hydrometer;Hydrometer;30;Minute;M;0;1;1;Radar TLR;;;
LA38;Tube Tide gauge model;09;Hydrometer;Hydrometer;10;Minute;M;0;1;1;Radar TLR;;;
LA38;Tube Tide gauge model;09;Hydrometer;Hydrometer;1;Minute;M;0;1;1;Radar TLR;;;
LA38;Tube Tide gauge model;09;Hydrometer;Hydrometer;30;Minute;M;0;1;1;Radar TLR;;;
LA38;Tube Tide gauge model;09;Hydrometer;Hydrometer;10;Minute;M;0;1;1;Radar TLR;;;
LA38;Tube Tide gauge model;09;Hydrometer;Hydrometer;1;Minute;M;0;1;1;Radar TLR;;;
LA38;Tube Tide gauge model;09;Hydrometer;Hydrometer;30;Minute;M;0;1;1;Radar TLR;;;
LA23;Cabine Tide gauge model;09;Hydrometer;Hydrometer;10;Minute;M;0;1;1;Radar TLR;;;
LA23;Cabine Tide gauge model;09;Hydrometer;Hydrometer;1;Minute;M;0;1;1;Radar TLR;;;
LA23;Cabine Tide gauge model;09;Hydrometer;Hydrometer;30;Minute;M;0;1;1;Radar TLR;;;
LA23;Cabine Tide gauge model;09;Hydrometer;Hydrometer;10;Minute;M;0;1;1;Radar TLR;;;
LA23;Cabine Tide gauge model;09;Hydrometer;Hydrometer;1;Minute;M;0;1;1;Radar TLR;;;
LI11;Cabine Tide gauge model;09;Hydrometer;Hydrometer;10;Minute;M;0;1;1;Radar TLR;;;
LI11;Cabine Tide gauge model;09;Hydrometer;Hydrometer;1;Minute;M;0;1;1;Radar TLR;;;
LI11;Cabine Tide gauge model;09;Hydrometer;Hydrometer;30;Minute;M;0;1;1;Radar TLR;;;
LI11;Cabine Tide gauge model;09;Hydrometer;Hydrometer;1;Minute;M;0;1;1;Radar TLR;;;
LI11;Cabine Tide gauge model;09;Hydrometer;Hydrometer;30;Minute;M;0;1;1;Radar TLR;;;
MC41;Tube Tide gauge model;09;Hydrometer;Hydrometer;10;Minute;M;0;1;1;Radar TLR;;;
MC41;Tube Tide gauge model;09;Hydrometer;Hydrometer;1;Minute;M;0;1;1;Radar TLR;;;
MC41;Tube Tide gauge model;09;Hydrometer;Hydrometer;30;Minute;M;0;1;1;Radar TLR;;;
MC41;Tube Tide gauge model;09;Hydrometer;Hydrometer;10;Minute;M;0;1;1;Radar TLR;;;
MC41;Tube Tide gauge model;09;Hydrometer;Hydrometer;1;Minute;M;0;1;1;Radar TLR;;;
MC41;Tube Tide gauge model;09;Hydrometer;Hydrometer;30;Minute;M;0;1;1;Radar TLR;;;
ME13;Cabine Tide gauge model;09;Hydrometer;Hydrometer;10;Minute;M;0;1;1;Radar TLR;;;
ME13;Cabine Tide gauge model;09;Hydrometer;Hydrometer;1;Minute;M;0;1;1;Radar TLR;;;
ME13;Cabine Tide gauge model;09;Hydrometer;Hydrometer;30;Minute;M;0;1;1;Radar TLR;;;
ME13;Cabine Tide gauge model;09;Hydrometer;Hydrometer;10;Minute;M;0;1;1;Radar TLR;;;
ME13;Cabine Tide gauge model;09;Hydrometer;Hydrometer;1;Minute;M;0;1;1;Radar TLR;;;
ME13;Cabine Tide gauge model;09;Hydrometer;Hydrometer;30;Minute;M;0;1;1;Radar TLR;;;
NA23;Cabine Tide gauge model;09;Hydrometer;Hydrometer;10;Minute;M;0;1;1;Radar TLR;;;
NA23;Cabine Tide gauge model;09;Hydrometer;Hydrometer;1;Minute;M;0;1;1;Radar TLR;;;
NA23;Cabine Tide gauge model;09;Hydrometer;Hydrometer;30;Minute;M;0;1;1;Radar TLR;;;
NA23;Cabine Tide gauge model;09;Hydrometer;Hydrometer;10;Minute;M;0;1;1;Radar TLR;;;
NA23;Cabine Tide gauge model;09;Hydrometer;Hydrometer;1;Minute;M;0;1;1;Radar TLR;;;
NA23;Cabine Tide gauge model;09;Hydrometer;Hydrometer;30;Minute;M;0;1;1;Radar TLR;;;
OR24;Cabine Tide gauge model;09;Hydrometer;Hydrometer;10;Minute;M;0;1;1;Radar TLR;;;
OR24;Cabine Tide gauge model;09;Hydrometer;Hydrometer;1;Minute;M;0;1;1;Radar TLR;;;
OR24;Cabine Tide gauge model;09;Hydrometer;Hydrometer;30;Minute;M;0;1;1;Radar TLR;;;
OR24;Cabine Tide gauge model;09;Hydrometer;Hydrometer;10;Minute;M;0;1;1;Radar TLR;;;
OR24;Cabine Tide gauge model;09;Hydrometer;Hydrometer;30;Minute;M;0;1;1;Radar TLR;;;
OT15;Cabine Tide gauge model;09;Hydrometer;Hydrometer;10;Minute;M;0;1;1;Radar TLR;;;
OT15;Cabine Tide gauge model;09;Hydrometer;Hydrometer;1;Minute;M;0;1;1;Radar TLR;;;
OT15;Cabine Tide gauge model;09;Hydrometer;Hydrometer;30;Minute;M;0;1;1;Radar TLR;;;
OT15;Cabine Tide gauge model;09;Hydrometer;Hydrometer;10;Minute;M;0;1;1;Radar TLR;;;
OT15;Cabine Tide gauge model;09;Hydrometer;Hydrometer;1;Minute;M;0;1;1;Radar TLR;;;
OT15;Cabine Tide gauge model;09;Hydrometer;Hydrometer;30;Minute;M;0;1;1;Radar TLR;;;
PA07;Cabine Tide gauge model;09;Hydrometer;Hydrometer;10;Minute;M;0;1;1;Radar TLR;;;
PA07;Cabine Tide gauge model;09;Hydrometer;Hydrometer;1;Minute;M;0;1;1;Radar TLR;;;
PA07;Cabine Tide gauge model;09;Hydrometer;Hydrometer;30;Minute;M;0;1;1;Radar TLR;;;
PA07;Cabine Tide gauge model;09;Hydrometer;Hydrometer;1;Minute;M;0;1;1;Radar TLR;;;
PA07;Cabine Tide gauge model;09;Hydrometer;Hydrometer;30;Minute;M;0;1;1;Radar TLR;;;
PL14;Cabine Tide gauge model;09;Hydrometer;Hydrometer;10;Minute;M;0;1;1;Radar TLR;;;
PL14;Cabine Tide gauge model;09;Hydrometer;Hydrometer;1;Minute;M;0;1;1;Radar TLR;;;
PL14;Cabine Tide gauge model;09;Hydrometer;Hydrometer;30;Minute;M;0;1;1;Radar TLR;;;
PL14;Cabine Tide gauge model;09;Hydrometer;Hydrometer;10;Minute;M;0;1;1;Radar TLR;;;
PL14;Cabine Tide gauge model;09;Hydrometer;Hydrometer;1;Minute;M;0;1;1;Radar TLR;;;
PL14;Cabine Tide gauge model;09;Hydrometer;Hydrometer;30;Minute;M;0;1;1;Radar TLR;;;
PO40;Tube Tide gauge model;09;Hydrometer;Hydrometer;10;Minute;M;0;1;1;Radar TLR;;;
PO40;Tube Tide gauge model;09;Hydrometer;Hydrometer;1;Minute;M;0;1;1;Radar TLR;;;
PO40;Tube Tide gauge model;09;Hydrometer;Hydrometer;30;Minute;M;0;1;1;Radar TLR;;;
PO40;Tube Tide gauge model;09;Hydrometer;Hydrometer;10;Minute;M;0;1;1;Radar TLR;;;
PO40;Tube Tide gauge model;09;Hydrometer;Hydrometer;30;Minute;M;0;1;1;Radar TLR;;;
PE09;Cabine Tide gauge model;09;Hydrometer;Hydrometer;10;Minute;M;0;1;1;Radar TLR;;;
PE09;Cabine Tide gauge model;09;Hydrometer;Hydrometer;1;Minute;M;0;1;1;Radar TLR;;;
PE09;Cabine Tide gauge model;09;Hydrometer;Hydrometer;30;Minute;M;0;1;1;Radar TLR;;;
PE09;Cabine Tide gauge model;09;Hydrometer;Hydrometer;10;Minute;M;0;1;1;Radar TLR;;;
PE09;Cabine Tide gauge model;09;Hydrometer;Hydrometer;1;Minute;M;0;1;1;Radar TLR;;;
PE09;Cabine Tide gauge model;09;Hydrometer;Hydrometer;30;Minute;M;0;1;1;Radar TLR;;;
PT17;Cabine Tide gauge model;09;Hydrometer;Hydrometer;10;Minute;M;0;1;1;Radar TLR;;;
PT17;Cabine Tide gauge model;09;Hydrometer;Hydrometer;1;Minute;M;0;1;1;Radar TLR;;;
PT17;Cabine Tide gauge model;09;Hydrometer;Hydrometer;30;Minute;M;0;1;1;Radar TLR;;;
PT17;Cabine Tide gauge model;09;Hydrometer;Hydrometer;1;Minute;M;0;1;1;Radar TLR;;;
PT17;Cabine Tide gauge model;09;Hydrometer;Hydrometer;30;Minute;M;0;1;1;Radar TLR;;;
RA10;Cabine Tide gauge model;09;Hydrometer;Hydrometer;10;Minute;M;0;1;1;Radar TLR;;;
RA10;Cabine Tide gauge model;09;Hydrometer;Hydrometer;1;Minute;M;0;1;1;Radar TLR;;;
RA10;Cabine Tide gauge model;09;Hydrometer;Hydrometer;30;Minute;M;0;1;1;Radar TLR;;;
RA10;Cabine Tide gauge model;09;Hydrometer;Hydrometer;10;Minute;M;0;1;1;Radar TLR;;;
RA10;Cabine Tide gauge model;09;Hydrometer;Hydrometer;1;Minute;M;0;1;1;Radar TLR;;;
RA10;Cabine Tide gauge model;09;Hydrometer;Hydrometer;30;Minute;M;0;1;1;Radar TLR;;;
RC09;Cabine Tide gauge model;09;Hydrometer;Hydrometer;10;Minute;M;0;1;1;Radar TLR;;;
RC09;Cabine Tide gauge model;09;Hydrometer;Hydrometer;1;Minute;M;0;1;1;Radar TLR;;;
RC09;Cabine Tide gauge model;09;Hydrometer;Hydrometer;30;Minute;M;0;1;1;Radar TLR;;;
SA16;Cabine Tide gauge model;09;Hydrometer;Hydrometer;10;Minute;M;0;1;1;Radar TLR;;;
SA16;Cabine Tide gauge model;09;Hydrometer;Hydrometer;1;Minute;M;0;1;1;Radar TLR;;;
SA16;Cabine Tide gauge model;09;Hydrometer;Hydrometer;30;Minute;M;0;1;1;Radar TLR;;;
SA16;Cabine Tide gauge model;09;Hydrometer;Hydrometer;10;Minute;M;0;1;1;Radar TLR;;;
SA16;Cabine Tide gauge model;09;Hydrometer;Hydrometer;1;Minute;M;0;1;1;Radar TLR;;;
SA16;Cabine Tide gauge model;09;Hydrometer;Hydrometer;30;Minute;M;0;1;1;Radar TLR;;;
SB36;Tube Tide gauge model;09;Hydrometer;Hydrometer;10;Minute;M;0;1;1;Radar TLR;;;
SB36;Tube Tide gauge model;09;Hydrometer;Hydrometer;1;Minute;M;0;1;1;Radar TLR;;;
SB36;Tube Tide gauge model;09;Hydrometer;Hydrometer;30;Minute;M;0;1;1;Radar TLR;;;
SC43;Tube Tide gauge model;09;Hydrometer;Hydrometer;10;Minute;M;0;1;1;Radar TLR;;;
SC43;Tube Tide gauge model;09;Hydrometer;Hydrometer;1;Minute;M;0;1;1;Radar TLR;;;
SC43;Tube Tide gauge model;09;Hydrometer;Hydrometer;30;Minute;M;0;1;1;Radar TLR;;;
TA18;Cabine Tide gauge model;09;Hydrometer;Hydrometer;10;Minute;M;0;1;1;Radar TLR;;;
TA18;Cabine Tide gauge model;09;Hydrometer;Hydrometer;1;Minute;M;0;1;1;Radar TLR;;;
TA18;Cabine Tide gauge model;09;Hydrometer;Hydrometer;30;Minute;M;0;1;1;Radar TLR;;;
TA18;Cabine Tide gauge model;09;Hydrometer;Hydrometer;1;Minute;M;0;1;1;Radar TLR;;;
TA18;Cabine Tide gauge model;09;Hydrometer;Hydrometer;30;Minute;M;0;1;1;Radar TLR;;;
TR22;Cabine Tide gauge model;09;Hydrometer;Hydrometer;10;Minute;M;0;1;1;Radar TLR;;;
TR22;Cabine Tide gauge model;09;Hydrometer;Hydrometer;1;Minute;M;0;1;1;Radar TLR;;;
TR22;Cabine Tide gauge model;09;Hydrometer;Hydrometer;30;Minute;M;0;1;1;Radar TLR;;;
TR22;Cabine Tide gauge model;09;Hydrometer;Hydrometer;10;Minute;M;0;1;1;Radar TLR;;;
TR22;Cabine Tide gauge model;09;Hydrometer;Hydrometer;1;Minute;M;0;1;1;Radar TLR;;;
TR22;Cabine Tide gauge model;09;Hydrometer;Hydrometer;30;Minute;M;0;1;1;Radar TLR;;;
VE19;Cabine Tide gauge model;09;Hydrometer;Hydrometer;10;Minute;M;0;1;1;Radar TLR;;;
VE19;Cabine Tide gauge model;09;Hydrometer;Hydrometer;1;Minute;M;0;1;1;Radar TLR;;;
VE19;Cabine Tide gauge model;09;Hydrometer;Hydrometer;30;Minute;M;0;1;1;Radar TLR;;;
VE19;Cabine Tide gauge model;09;Hydrometer;Hydrometer;1;Minute;M;0;1;1;Radar TLR;;;
VE19;Cabine Tide gauge model;09;Hydrometer;Hydrometer;30;Minute;M;0;1;1;Radar TLR;;;
VI12;Cabine Tide gauge model;09;Hydrometer;Hydrometer;10;Minute;M;0;1;1;Radar TLR;;;
VI12;Cabine Tide gauge model;09;Hydrometer;Hydrometer;1;Minute;M;0;1;1;Radar TLR;;;
VI12;Cabine Tide gauge model;09;Hydrometer;Hydrometer;30;Minute;M;0;1;1;Radar TLR;;;
VI12;Cabine Tide gauge model;09;Hydrometer;Hydrometer;10;Minute;M;0;1;1;Radar TLR;;;
VI12;Cabine Tide gauge model;09;Hydrometer;Hydrometer;1;Minute;M;0;1;1;Radar TLR;;;
VI12;Cabine Tide gauge model;09;Hydrometer;Hydrometer;30;Minute;M;0;1;1;Radar TLR;;;
GI20;Tube Tide gauge model;09;Hydrometer;Hydrometer;10;Minute;M;0;1;1;Pressure TLP;;;2
GI20;Tube Tide gauge model;09;Hydrometer;Hydrometer;1;Minute;M;0;1;1;Pressure TLP;;;2
GI20;Tube Tide gauge model;09;Hydrometer;Hydrometer;30;Minute;M;0;1;1;Pressure TLP;;;2
GI20;Tube Tide gauge model;09;Hydrometer;Hydrometer;10;Minute;M;0;1;1;Pressure TLP;;;2
GI20;Tube Tide gauge model;09;Hydrometer;Hydrometer;30;Minute;M;0;1;1;Pressure TLP;;;2
ST44;Cabine Tide gauge model;09;Hydrometer;Hydrometer;10;Minute;M;0;1;1;Pressure TLP;;;2
ST44;Cabine Tide gauge model;09;Hydrometer;Hydrometer;1;Minute;M;0;1;1;Pressure TLP;;;2
ST44;Cabine Tide gauge model;09;Hydrometer;Hydrometer;30;Minute;M;0;1;1;Pressure TLP;;;2
ST44;Cabine Tide gauge model;09;Hydrometer;Hydrometer;10;Minute;M;0;1;1;Pressure TLP;;;2
ST44;Cabine Tide gauge model;09;Hydrometer;Hydrometer;1;Minute;M;0;1;1;Pressure TLP;;;2
ST44;Cabine Tide gauge model;09;Hydrometer;Hydrometer;30;Minute;M;0;1;1;Pressure TLP;;;2
AN15;Cabine Tide gauge model;09;Hydrometer;Hydrometer;10;Minute;M;0;0;0;Shaft Encoder - Tiderom;;;3
AN15;Cabine Tide gauge model;09;Hydrometer;Hydrometer;1;Minute;M;0;0;0;Shaft Encoder - Tiderom;;;3
AN15;Cabine Tide gauge model;09;Hydrometer;Hydrometer;30;Minute;M;0;0;0;Shaft Encoder - Tiderom;;;3
AN15;Cabine Tide gauge model;09;Hydrometer;Hydrometer;10;Minute;M;0;0;0;Shaft Encoder - Tiderom;;;3
AN15;Cabine Tide gauge model;09;Hydrometer;Hydrometer;1;Minute;M;0;0;0;Shaft Encoder - Tiderom;;;3
AN15;Cabine Tide gauge model;09;Hydrometer;Hydrometer;30;Minute;M;0;0;0;Shaft Encoder - Tiderom;;;3
AZ42;Tube Tide gauge model;09;Hydrometer;Hydrometer;10;Minute;M;0;0;0;Shaft Encoder - Tiderom;;;3
AZ42;Tube Tide gauge model;09;Hydrometer;Hydrometer;1;Minute;M;0;0;0;Shaft Encoder - Tiderom;;;3
AZ42;Tube Tide gauge model;09;Hydrometer;Hydrometer;30;Minute;M;0;0;0;Shaft Encoder - Tiderom;;;3
AZ42;Tube Tide gauge model;09;Hydrometer;Hydrometer;1;Minute;M;0;0;0;Shaft Encoder - Tiderom;;;3
AZ42;Tube Tide gauge model;09;Hydrometer;Hydrometer;30;Minute;M;0;0;0;Shaft Encoder - Tiderom;;;3
BA05;Cabine Tide gauge model;09;Hydrometer;Hydrometer;10;Minute;M;0;0;0;Shaft Encoder - Tiderom;;;3
BA05;Cabine Tide gauge model;09;Hydrometer;Hydrometer;1;Minute;M;0;0;0;Shaft Encoder - Tiderom;;;3
BA05;Cabine Tide gauge model;09;Hydrometer;Hydrometer;30;Minute;M;0;0;0;Shaft Encoder - Tiderom;;;3
BA05;Cabine Tide gauge model;09;Hydrometer;Hydrometer;10;Minute;M;0;0;0;Shaft Encoder - Tiderom;;;3
BA05;Cabine Tide gauge model;09;Hydrometer;Hydrometer;30;Minute;M;0;0;0;Shaft Encoder - Tiderom;;;3
CA02;Cabine Tide gauge model;09;Hydrometer;Hydrometer;10;Minute;M;0;0;0;Shaft Encoder - Tiderom;;;3
CA02;Cabine Tide gauge model;09;Hydrometer;Hydrometer;1;Minute;M;0;0;0;Shaft Encoder - Tiderom;;;3
CA02;Cabine Tide gauge model;09;Hydrometer;Hydrometer;30;Minute;M;0;0;0;Shaft Encoder - Tiderom;;;3
CF06;Cabine Tide gauge model;09;Hydrometer;Hydrometer;10;Minute;M;0;0;0;Shaft Encoder - Tiderom;;;3
CF06;Cabine Tide gauge model;09;Hydrometer;Hydrometer;1;Minute;M;0;0;0;Shaft Encoder - Tiderom;;;3
CF06;Cabine Tide gauge model;09;Hydrometer;Hydrometer;30;Minute;M;0;0;0;Shaft Encoder - Tiderom;;;3
CT03;Cabine Tide gauge model;09;Hydrometer;Hydrometer;10;Minute;M;0;0;0;Shaft Encoder - Tiderom;;;3
CT03;Cabine Tide gauge model;09;Hydrometer;Hydrometer;1;Minute;M;0;0;0;Shaft Encoder - Tiderom;;;3
CT03;Cabine Tide gauge model;09;Hydrometer;Hydrometer;30;Minute;M;0;0;0;Shaft Encoder - Tiderom;;;3
CT03;Cabine Tide gauge model;09;Hydrometer;Hydrometer;10;Minute;M;0;0;0;Shaft Encoder - Tiderom;;;3
CT03;Cabine Tide gauge model;09;Hydrometer;Hydrometer;1;Minute;M;0;0;0;Shaft Encoder - Tiderom;;;3
CI20;Cabine Tide gauge model;09;Hydrometer;Hydrometer;10;Minute;M;0;0;0;Shaft Encoder - Tiderom;;;3
CI20;Cabine Tide gauge model;09;Hydrometer;Hydrometer;1;Minute;M;0;0;0;Shaft Encoder - Tiderom;;;3
CI20;Cabine Tide gauge model;09;Hydrometer;Hydrometer;30;Minute;M;0;0;0;Shaft Encoder - Tiderom;;;3
CI20;Cabine Tide gauge model;09;Hydrometer;Hydrometer;10;Minute;M;0;0;0;Shaft Encoder - Tiderom;;;3
CI20;Cabine Tide gauge model;09;Hydrometer;Hydrometer;30;Minute;M;0;0;0;Shaft Encoder - Tiderom;;;3
CR08;Cabine Tide gauge model;09;Hydrometer;Hydrometer;10;Minute;M;0;0;0;Shaft Encoder - Tiderom;;;3
CR08;Cabine Tide gauge model;09;Hydrometer;Hydrometer;1;Minute;M;0;0;0;Shaft Encoder - Tiderom;;;3
CR08;Cabine Tide gauge model;09;Hydrometer;Hydrometer;30;Minute;M;0;0;0;Shaft Encoder - Tiderom;;;3
CR08;Cabine Tide gauge model;09;Hydrometer;Hydrometer;1;Minute;M;0;0;0;Shaft Encoder - Tiderom;;;3
CR08;Cabine Tide gauge model;09;Hydrometer;Hydrometer;30;Minute;M;0;0;0;Shaft Encoder - Tiderom;;;3
GA37;Tube Tide gauge model;09;Hydrometer;Hydrometer;10;Minute;M;0;0;0;Shaft Encoder - Tiderom;;;3
GA37;Tube Tide gauge model;09;Hydrometer;Hydrometer;1;Minute;M;0;0;0;Shaft Encoder - Tiderom;;;3
GA37;Tube Tide gauge model;09;Hydrometer;Hydrometer;30;Minute;M;0;0;0;Shaft Encoder - Tiderom;;;3
GA37;Tube Tide gauge model;09;Hydrometer;Hydrometer;10;Minute;M;0;0;0;Shaft Encoder - Tiderom;;;3
GA37;Tube Tide gauge model;09;Hydrometer;Hydrometer;1;Minute;M;0;0;0;Shaft Encoder - Tiderom;;;3
GE25;Cabine Tide gauge model;09;Hydrometer;Hydrometer;10;Minute;M;0;0;0;Shaft Encoder - Tiderom;;;3
GE25;Cabine Tide gauge model;09;Hydrometer;Hydrometer;1;Minute;M;0;0;0;Shaft Encoder - Tiderom;;;3
GE25;Cabine Tide gauge model;09;Hydrometer;Hydrometer;30;Minute;M;0;0;0;Shaft Encoder - Tiderom;;;3
IM01;Cabine Tide gauge model;09;Hydrometer;Hydrometer;10;Minute;M;0;0;0;Shaft Encoder - Tiderom;;;3
IM01;Cabine Tide gauge model;09;Hydrometer;Hydrometer;1;Minute;M;0;0;0;Shaft Encoder - Tiderom;;;3
IM01;Cabine Tide gauge model;09;Hydrometer;Hydrometer;30;Minute;M;0;0;0;Shaft Encoder - Tiderom;;;3
IM01;Cabine Tide gauge model;09;Hydrometer;Hydrometer;10;Minute;M;0;0;0;Shaft Encoder - Tiderom;;;3
IM01;Cabine Tide gauge model;09;Hydrometer;Hydrometer;1;Minute;M;0;0;0;Shaft Encoder - Tiderom;;;3
IT45;Tube Tide gauge model;09;Hydrometer;Hydrometer;10;Minute;M;0;0;0;Shaft Encoder - Tiderom;;;3
IT45;Tube Tide gauge model;09;Hydrometer;Hydrometer;1;Minute;M;0;0;0;Shaft Encoder - Tiderom;;;3
IT45;Tube Tide gauge model;09;Hydrometer;Hydrometer;30;Minute;M;0;0;0;Shaft Encoder - Tiderom;;;3
IT45;Tube Tide gauge model;09;Hydrometer;Hydrometer;10;Minute;M;0;0;0;Shaft Encoder - Tiderom;;;3
IT45;Tube Tide gauge model;09;Hydrometer;Hydrometer;1;Minute;M;0;0;0;Shaft Encoder - Tiderom;;;3
IT45;Tube Tide gauge model;09;Hydrometer;Hydrometer;30;Minute;M;0;0;0;Shaft Encoder - Tiderom;;;3
LA38;Tube Tide gauge model;09;Hydrometer;Hydrometer;10;Minute;M;0;0;0;Shaft Encoder - Tiderom;;;3
LA38;Tube Tide gauge model;09;Hydrometer;Hydrometer;1;Minute;M;0;0;0;Shaft Encoder - Tiderom;;;3
LA38;Tube Tide gauge model;09;Hydrometer;Hydrometer;30;Minute;M;0;0;0;Shaft Encoder - Tiderom;;;3
LA38;Tube Tide gauge model;09;Hydrometer;Hydrometer;10;Minute;M;0;0;0;Shaft Encoder - Tiderom;;;3
LA38;Tube Tide gauge model;09;Hydrometer;Hydrometer;30;Minute;M;0;0;0;Shaft Encoder - Tiderom;;;3
LA23;Cabine Tide gauge model;09;Hydrometer;Hydrometer;10;Minute;M;0;0;0;Shaft Encoder - Tiderom;;;3
LA23;Cabine Tide gauge model;09;Hydrometer;Hydrometer;1;Minute;M;0;0;0;Shaft Encoder - Tiderom;;;3
LA23;Cabine Tide gauge model;09;Hydrometer;Hydrometer;30;Minute;M;0;0;0;Shaft Encoder - Tiderom;;;3
LA23;Cabine Tide gauge model;09;Hydrometer;Hydrometer;1;Minute;M;0;0;0;Shaft Encoder - Tiderom;;;3
LA23;Cabine Tide gauge model;09;Hydrometer;Hydrometer;30;Minute;M;0;0;0;Shaft Encoder - Tiderom;;;3
LI11;Cabine Tide gauge model;09;Hydrometer;Hydrometer;10;Minute;M;0;0;0;Shaft Encoder - Tiderom;;;3
LI11;Cabine Tide gauge model;09;Hydrometer;Hydrometer;1;Minute;M;0;0;0;Shaft Encoder - Tiderom;;;3
LI11;Cabine Tide gauge model;09;Hydrometer;Hydrometer;30;Minute;M;0;0;0;Shaft Encoder - Tiderom;;;3
LI11;Cabine Tide gauge model;09;Hydrometer;Hydrometer;1;Minute;M;0;0;0;Shaft Encoder - Tiderom;;;3
LI11;Cabine Tide gauge model;09;Hydrometer;Hydrometer;30;Minute;M;0;0;0;Shaft Encoder - Tiderom;;;3
MC41;Tube Tide gauge model;09;Hydrometer;Hydrometer;10;Minute;M;0;0;0;Shaft Encoder - Tiderom;;;3
MC41;Tube Tide gauge model;09;Hydrometer;Hydrometer;1;Minute;M;0;0;0;Shaft Encoder - Tiderom;;;3
MC41;Tube Tide gauge model;09;Hydrometer;Hydrometer;30;Minute;M;0;0;0;Shaft Encoder - Tiderom;;;3
MC41;Tube Tide gauge model;09;Hydrometer;Hydrometer;10;Minute;M;0;0;0;Shaft Encoder - Tiderom;;;3
MC41;Tube Tide gauge model;09;Hydrometer;Hydrometer;1;Minute;M;0;0;0;Shaft Encoder - Tiderom;;;3
MC41;Tube Tide gauge model;09;Hydrometer;Hydrometer;30;Minute;M;0;0;0;Shaft Encoder - Tiderom;;;3
ME13;Cabine Tide gauge model;09;Hydrometer;Hydrometer;10;Minute;M;0;0;0;Shaft Encoder - Tiderom;;;3
ME13;Cabine Tide gauge model;09;Hydrometer;Hydrometer;1;Minute;M;0;0;0;Shaft Encoder - Tiderom;;;3
ME13;Cabine Tide gauge model;09;Hydrometer;Hydrometer;30;Minute;M;0;0;0;Shaft Encoder - Tiderom;;;3
ME13;Cabine Tide gauge model;09;Hydrometer;Hydrometer;10;Minute;M;0;0;0;Shaft Encoder - Tiderom;;;3
ME13;Cabine Tide gauge model;09;Hydrometer;Hydrometer;30;Minute;M;0;0;0;Shaft Encoder - Tiderom;;;3
NA23;Cabine Tide gauge model;09;Hydrometer;Hydrometer;10;Minute;M;0;0;0;Shaft Encoder - Tiderom;;;3
NA23;Cabine Tide gauge model;09;Hydrometer;Hydrometer;1;Minute;M;0;0;0;Shaft Encoder - Tiderom;;;3
NA23;Cabine Tide gauge model;09;Hydrometer;Hydrometer;30;Minute;M;0;0;0;Shaft Encoder - Tiderom;;;3
OR24;Cabine Tide gauge model;09;Hydrometer;Hydrometer;10;Minute;M;0;0;0;Shaft Encoder - Tiderom;;;3
OR24;Cabine Tide gauge model;09;Hydrometer;Hydrometer;1;Minute;M;0;0;0;Shaft Encoder - Tiderom;;;3
OR24;Cabine Tide gauge model;09;Hydrometer;Hydrometer;30;Minute;M;0;0;0;Shaft Encoder - Tiderom;;;3
OR24;Cabine Tide gauge model;09;Hydrometer;Hydrometer;10;Minute;M;0;0;0;Shaft Encoder - Tiderom;;;3
OR24;Cabine Tide gauge model;09;Hydrometer;Hydrometer;1;Minute;M;0;0;0;Shaft Encoder - Tiderom;;;3
OR24;Cabine Tide gauge model;09;Hydrometer;Hydrometer;30;Minute;M;0;0;0;Shaft Encoder - Tiderom;;;3
OT15;Cabine Tide gauge model;09;Hydrometer;Hydrometer;10;Minute;M;0;0;0;Shaft Encoder - Tiderom;;;3
OT15;Cabine Tide gauge model;09;Hydrometer;Hydrometer;1;Minute;M;0;0;0;Shaft Encoder - Tiderom;;;3
OT15;Cabine Tide gauge model;09;Hydrometer;Hydrometer;30;Minute;M;0;0;0;Shaft Encoder - Tiderom;;;3
OT15;Cabine Tide gauge model;09;Hydrometer;Hydrometer;10;Minute;M;0;0;0;Shaft Encoder - Tiderom;;;3
OT15;Cabine Tide gauge model;09;Hydrometer;Hydrometer;1;Minute;M;0;0;0;Shaft Encoder - Tiderom;;;3
OT15;Cabine Tide gauge model;09;Hydrometer;Hydrometer;30;Minute;M;0;0;0;Shaft Encoder - Tiderom;;;3
PA07;Cabine Tide gauge model;09;Hydrometer;Hydrometer;10;Minute;M;0;0;0;Shaft Encoder - Tiderom;;;3
PA07;Cabine Tide gauge model;09;Hydrometer;Hydrometer;1;Minute;M;0;0;0;Shaft Encoder - Tiderom;;;3
PA07;Cabine Tide gauge model;09;Hydrometer;Hydrometer;30;Minute;M;0;0;0;Shaft Encoder - Tiderom;;;3
PA07;Cabine Tide gauge model;09;Hydrometer;Hydrometer;10;Minute;M;0;0;0;Shaft Encoder - Tiderom;;;3
PA07;Cabine Tide gauge model;09;Hydrometer;Hydrometer;1;Minute;M;0;0;0;Shaft Encoder - Tiderom;;;3
PA07;Cabine Tide gauge model;09;Hydrometer;Hydrometer;30;Minute;M;0;0;0;Shaft Encoder - Tiderom;;;3
PL14;Cabine Tide gauge model;09;Hydrometer;Hydrometer;10;Minute;M;0;0;0;Shaft Encoder - Tiderom;;;3
PL14;Cabine Tide gauge model;09;Hydrometer;Hydrometer;1;Minute;M;0;0;0;Shaft Encoder - Tiderom;;;3
PL14;Cabine Tide gauge model;09;Hydrometer;Hydrometer;30;Minute;M;0;0;0;Shaft Encoder - Tiderom;;;3
PL14;Cabine Tide gauge model;09;Hydrometer;Hydrometer;10;Minute;M;0;0;0;Shaft Encoder - Tiderom;;;3
PL14;Cabine Tide gauge model;09;Hydrometer;Hydrometer;1;Minute;M;0;0;0;Shaft Encoder - Tiderom;;;3
PL14;Cabine Tide gauge model;09;Hydrometer;Hydrometer;30;Minute;M;0;0;0;Shaft Encoder - Tiderom;;;3
PO40;Tube Tide gauge model;09;Hydrometer;Hydrometer;10;Minute;M;0;0;0;Shaft Encoder - Tiderom;;;3
PO40;Tube Tide gauge model;09;Hydrometer;Hydrometer;1;Minute;M;0;0;0;Shaft Encoder - Tiderom;;;3
PO40;Tube Tide gauge model;09;Hydrometer;Hydrometer;30;Minute;M;0;0;0;Shaft Encoder - Tiderom;;;3
PO40;Tube Tide gauge model;09;Hydrometer;Hydrometer;10;Minute;M;0;0;0;Shaft Encoder - Tiderom;;;3
PO40;Tube Tide gauge model;09;Hydrometer;Hydrometer;30;Minute;M;0;0;0;Shaft Encoder - Tiderom;;;3
PE09;Cabine Tide gauge model;09;Hydrometer;Hydrometer;10;Minute;M;0;0;0;Shaft Encoder - Tiderom;;;3
PE09;Cabine Tide gauge model;09;Hydrometer;Hydrometer;1;Minute;M;0;0;0;Shaft Encoder - Tiderom;;;3
PE09;Cabine Tide gauge model;09;Hydrometer;Hydrometer;30;Minute;M;0;0;0;Shaft Encoder - Tiderom;;;3
PE09;Cabine Tide gauge model;09;Hydrometer;Hydrometer;10;Minute;M;0;0;0;Shaft Encoder - Tiderom;;;3
PE09;Cabine Tide gauge model;09;Hydrometer;Hydrometer;1;Minute;M;0;0;0;Shaft Encoder - Tiderom;;;3
PT17;Cabine Tide gauge model;09;Hydrometer;Hydrometer;10;Minute;M;0;0;0;Shaft Encoder - Tiderom;;;3
PT17;Cabine Tide gauge model;09;Hydrometer;Hydrometer;1;Minute;M;0;0;0;Shaft Encoder - Tiderom;;;3
PT17;Cabine Tide gauge model;09;Hydrometer;Hydrometer;30;Minute;M;0;0;0;Shaft Encoder - Tiderom;;;3
PT17;Cabine Tide gauge model;09;Hydrometer;Hydrometer;10;Minute;M;0;0;0;Shaft Encoder - Tiderom;;;3
PT17;Cabine Tide gauge model;09;Hydrometer;Hydrometer;30;Minute;M;0;0;0;Shaft Encoder - Tiderom;;;3
RA10;Cabine Tide gauge model;09;Hydrometer;Hydrometer;10;Minute;M;0;0;0;Shaft Encoder - Tiderom;;;3
RA10;Cabine Tide gauge model;09;Hydrometer;Hydrometer;1;Minute;M;0;0;0;Shaft Encoder - Tiderom;;;3
RA10;Cabine Tide gauge model;09;Hydrometer;Hydrometer;30;Minute;M;0;0;0;Shaft Encoder - Tiderom;;;3
RC09;Cabine Tide gauge model;09;Hydrometer;Hydrometer;10;Minute;M;0;0;0;Shaft Encoder - Tiderom;;;3
RC09;Cabine Tide gauge model;09;Hydrometer;Hydrometer;1;Minute;M;0;0;0;Shaft Encoder - Tiderom;;;3
RC09;Cabine Tide gauge model;09;Hydrometer;Hydrometer;30;Minute;M;0;0;0;Shaft Encoder - Tiderom;;;3
SA16;Cabine Tide gauge model;09;Hydrometer;Hydrometer;10;Minute;M;0;0;0;Shaft Encoder - Tiderom;;;3
SA16;Cabine Tide gauge model;09;Hydrometer;Hydrometer;1;Minute;M;0;0;0;Shaft Encoder - Tiderom;;;3
SA16;Cabine Tide gauge model;09;Hydrometer;Hydrometer;30;Minute;M;0;0;0;Shaft Encoder - Tiderom;;;3
SA16;Cabine Tide gauge model;09;Hydrometer;Hydrometer;10;Minute;M;0;0;0;Shaft Encoder - Tiderom;;;3
SA16;Cabine Tide gauge model;09;Hydrometer;Hydrometer;1;Minute;M;0;0;0;Shaft Encoder - Tiderom;;;3
SA16;Cabine Tide gauge model;09;Hydrometer;Hydrometer;30;Minute;M;0;0;0;Shaft Encoder - Tiderom;;;3
SB36;Tube Tide gauge model;09;Hydrometer;Hydrometer;10;Minute;M;0;0;0;Shaft Encoder - Tiderom;;;3
SB36;Tube Tide gauge model;09;Hydrometer;Hydrometer;1;Minute;M;0;0;0;Shaft Encoder - Tiderom;;;3
SB36;Tube Tide gauge model;09;Hydrometer;Hydrometer;30;Minute;M;0;0;0;Shaft Encoder - Tiderom;;;3
SB36;Tube Tide gauge model;09;Hydrometer;Hydrometer;10;Minute;M;0;0;0;Shaft Encoder - Tiderom;;;3
SB36;Tube Tide gauge model;09;Hydrometer;Hydrometer;1;Minute;M;0;0;0;Shaft Encoder - Tiderom;;;3
SB36;Tube Tide gauge model;09;Hydrometer;Hydrometer;30;Minute;M;0;0;0;Shaft Encoder - Tiderom;;;3
SC43;Tube Tide gauge model;09;Hydrometer;Hydrometer;10;Minute;M;0;0;0;Shaft Encoder - Tiderom;;;3
SC43;Tube Tide gauge model;09;Hydrometer;Hydrometer;1;Minute;M;0;0;0;Shaft Encoder - Tiderom;;;3
SC43;Tube Tide gauge model;09;Hydrometer;Hydrometer;30;Minute;M;0;0;0;Shaft Encoder - Tiderom;;;3
SC43;Tube Tide gauge model;09;Hydrometer;Hydrometer;10;Minute;M;0;0;0;Shaft Encoder - Tiderom;;;3
SC43;Tube Tide gauge model;09;Hydrometer;Hydrometer;1;Minute;M;0;0;0;Shaft Encoder - Tiderom;;;3
SC43;Tube Tide gauge model;09;Hydrometer;Hydrometer;30;Minute;M;0;0;0;Shaft Encoder - Tiderom;;;3
TA18;Cabine Tide gauge model;09;Hydrometer;Hydrometer;10;Minute;M;0;0;0;Shaft Encoder - Tiderom;;;3
TA18;Cabine Tide gauge model;09;Hydrometer;Hydrometer;1;Minute;M;0;0;0;Shaft Encoder - Tiderom;;;3
TA18;Cabine Tide gauge model;09;Hydrometer;Hydrometer;30;Minute;M;0;0;0;Shaft Encoder - Tiderom;;;3
TA18;Cabine Tide gauge model;09;Hydrometer;Hydrometer;10;Minute;M;0;0;0;Shaft Encoder - Tiderom;;;3
TA18;Cabine Tide gauge model;09;Hydrometer;Hydrometer;30;Minute;M;0;0;0;Shaft Encoder - Tiderom;;;3
TR22;Cabine Tide gauge model;09;Hydrometer;Hydrometer;10;Minute;M;0;0;0;Shaft Encoder - Tiderom;;;3
TR22;Cabine Tide gauge model;09;Hydrometer;Hydrometer;1;Minute;M;0;0;0;Shaft Encoder - Tiderom;;;3
TR22;Cabine Tide gauge model;09;Hydrometer;Hydrometer;30;Minute;M;0;0;0;Shaft Encoder - Tiderom;;;3
TR22;Cabine Tide gauge model;09;Hydrometer;Hydrometer;10;Minute;M;0;0;0;Shaft Encoder - Tiderom;;;3
TR22;Cabine Tide gauge model;09;Hydrometer;Hydrometer;1;Minute;M;0;0;0;Shaft Encoder - Tiderom;;;3
TR22;Cabine Tide gauge model;09;Hydrometer;Hydrometer;30;Minute;M;0;0;0;Shaft Encoder - Tiderom;;;3
VE19;Cabine Tide gauge model;09;Hydrometer;Hydrometer;10;Minute;M;0;0;0;Shaft Encoder - Tiderom;;;3
VE19;Cabine Tide gauge model;09;Hydrometer;Hydrometer;1;Minute;M;0;0;0;Shaft Encoder - Tiderom;;;3
VE19;Cabine Tide gauge model;09;Hydrometer;Hydrometer;30;Minute;M;0;0;0;Shaft Encoder - Tiderom;;;3
VE19;Cabine Tide gauge model;09;Hydrometer;Hydrometer;10;Minute;M;0;0;0;Shaft Encoder - Tiderom;;;3
VE19;Cabine Tide gauge model;09;Hydrometer;Hydrometer;1;Minute;M;0;0;0;Shaft Encoder - Tiderom;;;3
VE19;Cabine Tide gauge model;09;Hydrometer;Hydrometer;30;Minute;M;0;0;0;Shaft Encoder - Tiderom;;;3
VI12;Cabine Tide gauge model;09;Hydrometer;Hydrometer;10;Minute;M;0;0;0;Shaft Encoder - Tiderom;;;3
VI12;Cabine Tide gauge model;09;Hydrometer;Hydrometer;1;Minute;M;0;0;0;Shaft Encoder - Tiderom;;;3
VI12;Cabine Tide gauge model;09;Hydrometer;Hydrometer;30;Minute;M;0;0;0;Shaft Encoder - Tiderom;;;3
VI12;Cabine Tide gauge model;09;Hydrometer;Hydrometer;10;Minute;M;0;0;0;Shaft Encoder - Tiderom;;;3
VI12;Cabine Tide gauge model;09;Hydrometer;Hydrometer;1;Minute;M;0;0;0;Shaft Encoder - Tiderom;;;3
VI12;Cabine Tide gauge model;09;Hydrometer;Hydrometer;30;Minute;M;0;0;0;Shaft Encoder - Tiderom;;;3
AN15;Cabine Tide gauge model;09;Hygrometer;Hygrometer;60;Minute;M;2.5;1;1/3600;Air Temperature and RH trasducer - T026 TTEPRH;;http://codes.wmo.int/bufr4/codeflag/0-02-097/4;
AZ42;Tube Tide gauge model;09;Hygrometer;Hygrometer;60;Minute;M;2.5;1;1/3600;Air Temperature and RH trasducer - T026 TTEPRH;;http://codes.wmo.int/bufr4/codeflag/0-02-097/4;
BA05;Cabine Tide gauge model;09;Hygrometer;Hygrometer;60;Minute;M;2.5;1;1/3600;Air Temperature and RH trasducer - T026 TTEPRH;;http://codes.wmo.int/bufr4/codeflag/0-02-097/4;
CA02;Cabine Tide gauge model;09;Hygrometer;Hygrometer;60;Minute;M;2.5;1;1/3600;Air Temperature and RH trasducer - T026 TTEPRH;;http://codes.wmo.int/bufr4/codeflag/0-02-097/4;
CF06;Cabine Tide gauge model;09;Hygrometer;Hygrometer;60;Minute;M;2.5;1;1/3600;Air Temperature and RH trasducer - T026 TTEPRH;;http://codes.wmo.int/bufr4/codeflag/0-02-097/4;
CT03;Cabine Tide gauge model;09;Hygrometer;Hygrometer;60;Minute;M;2.5;1;1/3600;Air Temperature and RH trasducer - T026 TTEPRH;;http://codes.wmo.int/bufr4/codeflag/0-02-097/4;
CI20;Cabine Tide gauge model;09;Hygrometer;Hygrometer;60;Minute;M;2.5;1;1/3600;Air Temperature and RH trasducer - T026 TTEPRH;;http://codes.wmo.int/bufr4/codeflag/0-02-097/4;
CR08;Cabine Tide gauge model;09;Hygrometer;Hygrometer;60;Minute;M;2.5;1;1/3600;Air Temperature and RH trasducer - T026 TTEPRH;;http://codes.wmo.int/bufr4/codeflag/0-02-097/4;
GA37;Tube Tide gauge model;09;Hygrometer;Hygrometer;60;Minute;M;2.5;1;1/3600;Air Temperature and RH trasducer - T026 TTEPRH;;http://codes.wmo.int/bufr4/codeflag/0-02-097/4;
GE25;Cabine Tide gauge model;09;Hygrometer;Hygrometer;60;Minute;M;2.5;1;1/3600;Air Temperature and RH trasducer - T026 TTEPRH;;http://codes.wmo.int/bufr4/codeflag/0-02-097/4;
GI20;Tube Tide gauge model;09;Hygrometer;Hygrometer;60;Minute;M;2.5;1;1/3600;Air Temperature and RH trasducer - T026 TTEPRH;;http://codes.wmo.int/bufr4/codeflag/0-02-097/4;
IM01;Cabine Tide gauge model;09;Hygrometer;Hygrometer;60;Minute;M;2.5;1;1/3600;Air Temperature and RH trasducer - T026 TTEPRH;;http://codes.wmo.int/bufr4/codeflag/0-02-097/4;
IT45;Tube Tide gauge model;09;Hygrometer;Hygrometer;60;Minute;M;2.5;1;1/3600;Air Temperature and RH trasducer - T026 TTEPRH;;http://codes.wmo.int/bufr4/codeflag/0-02-097/4;
LA38;Tube Tide gauge model;09;Hygrometer;Hygrometer;60;Minute;M;2.5;1;1/3600;Air Temperature and RH trasducer - T026 TTEPRH;;http://codes.wmo.int/bufr4/codeflag/0-02-097/4;
LA23;Cabine Tide gauge model;09;Hygrometer;Hygrometer;60;Minute;M;2.5;1;1/3600;Air Temperature and RH trasducer - T026 TTEPRH;;http://codes.wmo.int/bufr4/codeflag/0-02-097/4;
LI11;Cabine Tide gauge model;09;Hygrometer;Hygrometer;60;Minute;M;2.5;1;1/3600;Air Temperature and RH trasducer - T026 TTEPRH;;http://codes.wmo.int/bufr4/codeflag/0-02-097/4;
MC41;Tube Tide gauge model;09;Hygrometer;Hygrometer;60;Minute;M;2.5;1;1/3600;Air Temperature and RH trasducer - T026 TTEPRH;;http://codes.wmo.int/bufr4/codeflag/0-02-097/4;
ME13;Cabine Tide gauge model;09;Hygrometer;Hygrometer;60;Minute;M;2.5;1;1/3600;Air Temperature and RH trasducer - T026 TTEPRH;;http://codes.wmo.int/bufr4/codeflag/0-02-097/4;
NA23;Cabine Tide gauge model;09;Hygrometer;Hygrometer;60;Minute;M;2.5;1;1/3600;Air Temperature and RH trasducer - T026 TTEPRH;;http://codes.wmo.int/bufr4/codeflag/0-02-097/4;
OR24;Cabine Tide gauge model;09;Hygrometer;Hygrometer;60;Minute;M;2.5;1;1/3600;Air Temperature and RH trasducer - T026 TTEPRH;;http://codes.wmo.int/bufr4/codeflag/0-02-097/4;
OT15;Cabine Tide gauge model;09;Hygrometer;Hygrometer;60;Minute;M;2.5;1;1/3600;Air Temperature and RH trasducer - T026 TTEPRH;;http://codes.wmo.int/bufr4/codeflag/0-02-097/4;
PA07;Cabine Tide gauge model;09;Hygrometer;Hygrometer;60;Minute;M;2.5;1;1/3600;Air Temperature and RH trasducer - T026 TTEPRH;;http://codes.wmo.int/bufr4/codeflag/0-02-097/4;
PL14;Cabine Tide gauge model;09;Hygrometer;Hygrometer;60;Minute;M;2.5;1;1/3600;Air Temperature and RH trasducer - T026 TTEPRH;;http://codes.wmo.int/bufr4/codeflag/0-02-097/4;
PO40;Tube Tide gauge model;09;Hygrometer;Hygrometer;60;Minute;M;2.5;1;1/3600;Air Temperature and RH trasducer - T026 TTEPRH;;http://codes.wmo.int/bufr4/codeflag/0-02-097/4;
PE09;Cabine Tide gauge model;09;Hygrometer;Hygrometer;60;Minute;M;2.5;1;1/3600;Air Temperature and RH trasducer - T026 TTEPRH;;http://codes.wmo.int/bufr4/codeflag/0-02-097/4;
PT17;Cabine Tide gauge model;09;Hygrometer;Hygrometer;60;Minute;M;2.5;1;1/3600;Air Temperature and RH trasducer - T026 TTEPRH;;http://codes.wmo.int/bufr4/codeflag/0-02-097/4;
RA10;Cabine Tide gauge model;09;Hygrometer;Hygrometer;60;Minute;M;2.5;1;1/3600;Air Temperature and RH trasducer - T026 TTEPRH;;http://codes.wmo.int/bufr4/codeflag/0-02-097/4;
RC09;Cabine Tide gauge model;09;Hygrometer;Hygrometer;60;Minute;M;2.5;1;1/3600;Air Temperature and RH trasducer - T026 TTEPRH;;http://codes.wmo.int/bufr4/codeflag/0-02-097/4;
SA16;Cabine Tide gauge model;09;Hygrometer;Hygrometer;60;Minute;M;2.5;1;1/3600;Air Temperature and RH trasducer - T026 TTEPRH;;http://codes.wmo.int/bufr4/codeflag/0-02-097/4;
SB36;Tube Tide gauge model;09;Hygrometer;Hygrometer;60;Minute;M;2.5;1;1/3600;Air Temperature and RH trasducer - T026 TTEPRH;;http://codes.wmo.int/bufr4/codeflag/0-02-097/4;
SC43;Tube Tide gauge model;09;Hygrometer;Hygrometer;60;Minute;M;2.5;1;1/3600;Air Temperature and RH trasducer - T026 TTEPRH;;http://codes.wmo.int/bufr4/codeflag/0-02-097/4;
ST44;Cabine Tide gauge model;09;Hygrometer;Hygrometer;60;Minute;M;2.5;1;1/3600;Air Temperature and RH trasducer - T026 TTEPRH;;http://codes.wmo.int/bufr4/codeflag/0-02-097/4;
TA18;Cabine Tide gauge model;09;Hygrometer;Hygrometer;60;Minute;M;2.5;1;1/3600;Air Temperature and RH trasducer - T026 TTEPRH;;http://codes.wmo.int/bufr4/codeflag/0-02-097/4;
TR22;Cabine Tide gauge model;09;Hygrometer;Hygrometer;60;Minute;M;2.5;1;1/3600;Air Temperature and RH trasducer - T026 TTEPRH;;http://codes.wmo.int/bufr4/codeflag/0-02-097/4;
VE19;Cabine Tide gauge model;09;Hygrometer;Hygrometer;60;Minute;M;2.5;1;1/3600;Air Temperature and RH trasducer - T026 TTEPRH;;http://codes.wmo.int/bufr4/codeflag/0-02-097/4;
VI12;Cabine Tide gauge model;09;Hygrometer;Hygrometer;60;Minute;M;2.5;1;1/3600;Air Temperature and RH trasducer - T026 TTEPRH;;http://codes.wmo.int/bufr4/codeflag/0-02-097/4;
CF06;Cabine Tide gauge model;09;MultiParameterProbe;Multi Parameter Probe;60;Minute;M;-1.0;1;1/3600;Multiparametric Sensor - P230 SMP;;http://codes.wmo.int/bufr4/codeflag/0-02-096/0;
GI20;Tube Tide gauge model;09;MultiParameterProbe;Multi Parameter Probe;60;Minute;M;-1.0;1;1/3600;Multiparametric Sensor - P230 SMP;;http://codes.wmo.int/bufr4/codeflag/0-02-096/0;
IM01;Cabine Tide gauge model;09;MultiParameterProbe;Multi Parameter Probe;60;Minute;M;-1.0;1;1/3600;Multiparametric Sensor - P230 SMP;;http://codes.wmo.int/bufr4/codeflag/0-02-096/0;
LA23;Cabine Tide gauge model;09;MultiParameterProbe;Multi Parameter Probe;60;Minute;M;-1.0;1;1/3600;Multiparametric Sensor - P230 SMP;;http://codes.wmo.int/bufr4/codeflag/0-02-096/0;
ME13;Cabine Tide gauge model;09;MultiParameterProbe;Multi Parameter Probe;60;Minute;M;-1.0;1;1/3600;Multiparametric Sensor - P230 SMP;;http://codes.wmo.int/bufr4/codeflag/0-02-096/0;
OR24;Cabine Tide gauge model;09;MultiParameterProbe;Multi Parameter Probe;60;Minute;M;-1.0;1;1/3600;Multiparametric Sensor - P230 SMP;;http://codes.wmo.int/bufr4/codeflag/0-02-096/0;
OT15;Cabine Tide gauge model;09;MultiParameterProbe;Multi Parameter Probe;60;Minute;M;-1.0;1;1/3600;Multiparametric Sensor - P230 SMP;;http://codes.wmo.int/bufr4/codeflag/0-02-096/0;
PL14;Cabine Tide gauge model;09;MultiParameterProbe;Multi Parameter Probe;60;Minute;M;-1.0;1;1/3600;Multiparametric Sensor - P230 SMP;;http://codes.wmo.int/bufr4/codeflag/0-02-096/0;
PT17;Cabine Tide gauge model;09;MultiParameterProbe;Multi Parameter Probe;60;Minute;M;-1.0;1;1/3600;Multiparametric Sensor - P230 SMP;;http://codes.wmo.int/bufr4/codeflag/0-02-096/0;
TR22;Cabine Tide gauge model;09;MultiParameterProbe;Multi Parameter Probe;60;Minute;M;-1.0;1;1/3600;Multiparametric Sensor - P230 SMP;;http://codes.wmo.int/bufr4/codeflag/0-02-096/0;
VE19;Cabine Tide gauge model;09;MultiParameterProbe;Multi Parameter Probe;60;Minute;M;-1.0;1;1/3600;Multiparametric Sensor - P230 SMP;;http://codes.wmo.int/bufr4/codeflag/0-02-096/0;
VI12;Cabine Tide gauge model;09;MultiParameterProbe;Multi Parameter Probe;60;Minute;M;-1.0;1;1/3600;Multiparametric Sensor - P230 SMP;;http://codes.wmo.int/bufr4/codeflag/0-02-096/0;
AN15;Cabine Tide gauge model;09;Termometer;Water Termometer;60;Minute;M;-1.0;1;1/3600;Water Temperature trasducer - T020 TTA;;http://codes.wmo.int/bufr4/codeflag/0-02-096/0;
AZ42;Tube Tide gauge model;09;Termometer;Water Termometer;60;Minute;M;-1.0;1;1/3600;Water Temperature trasducer - T020 TTA;;http://codes.wmo.int/bufr4/codeflag/0-02-096/0;
BA05;Cabine Tide gauge model;09;Termometer;Water Termometer;60;Minute;M;-1.0;1;1/3600;Water Temperature trasducer - T020 TTA;;http://codes.wmo.int/bufr4/codeflag/0-02-096/0;
CA02;Cabine Tide gauge model;09;Termometer;Water Termometer;60;Minute;M;-1.0;1;1/3600;Water Temperature trasducer - T020 TTA;;http://codes.wmo.int/bufr4/codeflag/0-02-096/0;
CT03;Cabine Tide gauge model;09;Termometer;Water Termometer;60;Minute;M;-1.0;1;1/3600;Water Temperature trasducer - T020 TTA;;http://codes.wmo.int/bufr4/codeflag/0-02-096/0;
CI20;Cabine Tide gauge model;09;Termometer;Water Termometer;60;Minute;M;-1.0;1;1/3600;Water Temperature trasducer - T020 TTA;;http://codes.wmo.int/bufr4/codeflag/0-02-096/0;
CR08;Cabine Tide gauge model;09;Termometer;Water Termometer;60;Minute;M;-1.0;1;1/3600;Water Temperature trasducer - T020 TTA;;http://codes.wmo.int/bufr4/codeflag/0-02-096/0;
GA37;Tube Tide gauge model;09;Termometer;Water Termometer;60;Minute;M;-1.0;1;1/3600;Water Temperature trasducer - T020 TTA;;http://codes.wmo.int/bufr4/codeflag/0-02-096/0;
GE25;Cabine Tide gauge model;09;Termometer;Water Termometer;60;Minute;M;-1.0;1;1/3600;Water Temperature trasducer - T020 TTA;;http://codes.wmo.int/bufr4/codeflag/0-02-096/0;
GI20;Tube Tide gauge model;09;Termometer;Water Termometer;60;Minute;M;-1.0;1;1/3600;Water Temperature trasducer - T020 TTA;;http://codes.wmo.int/bufr4/codeflag/0-02-096/0;
IT45;Tube Tide gauge model;09;Termometer;Water Termometer;60;Minute;M;-1.0;1;1/3600;Water Temperature trasducer - T020 TTA;;http://codes.wmo.int/bufr4/codeflag/0-02-096/0;
LA38;Tube Tide gauge model;09;Termometer;Water Termometer;60;Minute;M;-1.0;1;1/3600;Water Temperature trasducer - T020 TTA;;http://codes.wmo.int/bufr4/codeflag/0-02-096/0;
LI11;Cabine Tide gauge model;09;Termometer;Water Termometer;60;Minute;M;-1.0;1;1/3600;Water Temperature trasducer - T020 TTA;;http://codes.wmo.int/bufr4/codeflag/0-02-096/0;
MC41;Tube Tide gauge model;09;Termometer;Water Termometer;60;Minute;M;-1.0;1;1/3600;Water Temperature trasducer - T020 TTA;;http://codes.wmo.int/bufr4/codeflag/0-02-096/0;
NA23;Cabine Tide gauge model;09;Termometer;Water Termometer;60;Minute;M;-1.0;1;1/3600;Water Temperature trasducer - T020 TTA;;http://codes.wmo.int/bufr4/codeflag/0-02-096/0;
PA07;Cabine Tide gauge model;09;Termometer;Water Termometer;60;Minute;M;-1.0;1;1/3600;Water Temperature trasducer - T020 TTA;;http://codes.wmo.int/bufr4/codeflag/0-02-096/0;
PO40;Tube Tide gauge model;09;Termometer;Water Termometer;60;Minute;M;-1.0;1;1/3600;Water Temperature trasducer - T020 TTA;;http://codes.wmo.int/bufr4/codeflag/0-02-096/0;
PE09;Cabine Tide gauge model;09;Termometer;Water Termometer;60;Minute;M;-1.0;1;1/3600;Water Temperature trasducer - T020 TTA;;http://codes.wmo.int/bufr4/codeflag/0-02-096/0;
RA10;Cabine Tide gauge model;09;Termometer;Water Termometer;60;Minute;M;-1.0;1;1/3600;Water Temperature trasducer - T020 TTA;;http://codes.wmo.int/bufr4/codeflag/0-02-096/0;
RC09;Cabine Tide gauge model;09;Termometer;Water Termometer;60;Minute;M;-1.0;1;1/3600;Water Temperature trasducer - T020 TTA;;http://codes.wmo.int/bufr4/codeflag/0-02-096/0;
SA16;Cabine Tide gauge model;09;Termometer;Water Termometer;60;Minute;M;-1.0;1;1/3600;Water Temperature trasducer - T020 TTA;;http://codes.wmo.int/bufr4/codeflag/0-02-096/0;
SB36;Tube Tide gauge model;09;Termometer;Water Termometer;60;Minute;M;-1.0;1;1/3600;Water Temperature trasducer - T020 TTA;;http://codes.wmo.int/bufr4/codeflag/0-02-096/0;
SC43;Tube Tide gauge model;09;Termometer;Water Termometer;60;Minute;M;-1.0;1;1/3600;Water Temperature trasducer - T020 TTA;;http://codes.wmo.int/bufr4/codeflag/0-02-096/0;
ST44;Cabine Tide gauge model;09;Termometer;Water Termometer;60;Minute;M;-1.0;1;1/3600;Water Temperature trasducer - T020 TTA;;http://codes.wmo.int/bufr4/codeflag/0-02-096/0;
TA18;Cabine Tide gauge model;09;Termometer;Water Termometer;60;Minute;M;-1.0;1;1/3600;Water Temperature trasducer - T020 TTA;;http://codes.wmo.int/bufr4/codeflag/0-02-096/0;