"PLACE_NAME";"CODE_PLACE";"STAT_MODEL";"NETWORK";"STAT_CODE";"STAT_TYPE_EN";"STAT_TYPE_IT";"STAT_STATUS";"SEA_IT";"SEA_GN";"LAT";"LONG";"PLACE_URI"
"Lampedusa e Linosa";"084020";"09";"09";"LA23";"Tide gauge";"Mareografo";"operational";"Stretto di Sicilia";"http://sws.geonames.org/2523117/";"35.4998277778";"12.6044388889";"lampedusa-e-linosa"
"Porto Empedocle";"084028";"09";"09";"PE09";"Tide gauge";"Mareografo";"operational";"Stretto di Sicilia";"http://sws.geonames.org/2523117/";"37.2857555556";"13.5268444444";"porto-empedocle"
"Sciacca";"084041";"09";"09";"SC43";"Tide gauge";"Mareografo";"operational";"Stretto di Sicilia";"http://sws.geonames.org/2523117/";"37.5045416667";"13.0764555556";"sciacca"
"Anzio";"058007";"09";"09";"AZ42";"Tide gauge";"Mareografo";"operational";"Mare Tirreno";"http://sws.geonames.org/2522836/";"41.4468583333";"12.6347972222";"anzio"
"Cagliari";"092009";"09";"09";"CA02";"Tide gauge";"Mareografo";"operational";"Mare Tirreno";"http://sws.geonames.org/2522836/";"39.2101916667";"9.11427222222";"cagliari"
"Civitavecchia";"058032";"09";"09";"CI20";"Tide gauge";"Mareografo";"operational";"Mare Tirreno";"http://sws.geonames.org/2522836/";"42.0939583333";"11.7896472222";"civitavecchia"
"Gaeta";"059009";"09";"09";"GA37";"Tide gauge";"Mareografo";"operational";"Mare Tirreno";"http://sws.geonames.org/2522836/";"41.2099916667";"13.5897361111";"gaeta"
"Lipari";"083041";"09";"09";"GI20";"Tide gauge";"Mareografo";"operational";"Mare Tirreno";"http://sws.geonames.org/2522836/";"38.7851805556";"15.1907666667";"lipari"
"Campo nell'Elba";"049003";"09";"09";"MC41";"Tide gauge";"Mareografo";"operational";"Mare Tirreno";"http://sws.geonames.org/2522836/";"42.7426333333";"10.2383333333";"campo-nell'elba"
"Napoli";"063049";"09";"09";"NA23";"Tide gauge";"Mareografo";"operational";"Mare Tirreno";"http://sws.geonames.org/2522836/";"40.8414055556";"14.2691944444";"napoli"
"Palermo";"082053";"09";"09";"PA07";"Tide gauge";"Mareografo";"operational";"Mare Tirreno";"http://sws.geonames.org/2522836/";"38.1214111111";"13.3713305556";"palermo"
"Centola";"065039";"09";"09";"PL14";"Tide gauge";"Mareografo";"operational";"Mare Tirreno";"http://sws.geonames.org/2522836/";"40.0299111111";"15.2752916667";"centola"
"Ponza";"059018";"09";"09";"PO40";"Tide gauge";"Mareografo";"operational";"Mare Tirreno";"http://sws.geonames.org/2522836/";"40.8951777778";"12.9655888889";"ponza"
"Salerno";"065116";"09";"09";"SA16";"Tide gauge";"Mareografo";"operational";"Mare Tirreno";"http://sws.geonames.org/2522836/";"40.6766416667";"14.7508388889";"salerno"
"Lipari";"083041";"09";"09";"ST44";"Tide gauge";"Mareografo";"operational";"Mare Tirreno";"http://sws.geonames.org/2522836/";"38.8174805556";"15.251625";"lipari"
"Genova";"010025";"09";"09";"GE25";"Tide gauge";"Mareografo";"operational";"Mar Ligure";"http://sws.geonames.org/3174724/";"44.4101277778";"8.92551666667";"genova"
"Imperia";"008031";"09";"09";"IM01";"Tide gauge";"Mareografo";"operational";"Mar Ligure";"http://sws.geonames.org/3174724/";"43.8783388889";"8.01886388889";"imperia"
"La Spezia";"011015";"09";"09";"LA38";"Tide gauge";"Mareografo";"operational";"Mar Ligure";"http://sws.geonames.org/3174724/";"44.0966083333";"9.85764444444";"la-spezia"
"Livorno";"049009";"09";"09";"LI11";"Tide gauge";"Mareografo";"operational";"Mar Ligure";"http://sws.geonames.org/3174724/";"43.5462861111";"10.2993388889";"livorno"
"Vieste";"071060";"09";"09";"VI12";"Tide gauge";"Mareografo";"operational";"Mare Adriatico";"http://sws.geonames.org/3183462/";"41.8880833333";"16.1770111111";"vieste"
"Ancona";"042002";"09";"09";"AN15";"Tide gauge";"Mareografo";"operational";"Mare Adriatico";"http://sws.geonames.org/3183462/";"43.6247666667";"13.5065166667";"ancona"
"Bari";"072006";"09";"09";"BA05";"Tide gauge";"Mareografo";"operational";"Mare Adriatico";"http://sws.geonames.org/3183462/";"41.1402055556";"16.8660333333";"bari"
"Isole Tremiti";"071026";"09";"09";"IT45";"Tide gauge";"Mareografo";"operational";"Mare Adriatico";"http://sws.geonames.org/3183462/";"42.1188805556";"15.5015666667";"isole-tremiti"
"Ortona";"069058";"09";"09";"OR24";"Tide gauge";"Mareografo";"operational";"Mare Adriatico";"http://sws.geonames.org/3183462/";"42.3559";"14.4148611111";"ortona"
"Otranto";"075057";"09";"09";"OT15";"Tide gauge";"Mareografo";"operational";"Mare Adriatico";"http://sws.geonames.org/3183462/";"40.14715";"18.4970888889";"otranto"
"Ravenna";"039014";"09";"09";"RA10";"Tide gauge";"Mareografo";"operational";"Mare Adriatico";"http://sws.geonames.org/3183462/";"44.492075";"12.2829361111";"ravenna"
"Trieste";"032006";"09";"09";"TR22";"Tide gauge";"Mareografo";"operational";"Mare Adriatico";"http://sws.geonames.org/3183462/";"45.6493916667";"13.7579388889";"trieste"
"Venezia";"027042";"09";"09";"VE19";"Tide gauge";"Mareografo";"operational";"Mare Adriatico";"http://sws.geonames.org/3183462/";"45.4182194444";"12.4265277778";"venezia"
"San Benedetto del Tronto";"044066";"09";"09";"SB36";"Tide gauge";"Mareografo";"operational";"Mare Adriatico";"http://sws.geonames.org/3183462/";"42.9551222222";"13.8897583333";"san-benedetto-del-tronto"
"Carloforte";"107004";"09";"09";"CF06";"Tide gauge";"Mareografo";"operational";"Mare Mediterraneo occidentale";"http://sws.geonames.org/6947193/";"39.1479694444";"8.30945277778";"carloforte"
"Porto Torres";"090058";"09";"09";"PT17";"Tide gauge";"Mareografo";"operational";"Mare Mediterraneo occidentale";"http://sws.geonames.org/6947193/";"40.8422055556";"8.40391388889";"porto-torres"
"Reggio di Calabria";"080063";"09";"09";"RC09";"Tide gauge";"Mareografo";"operational";"Mare Ionio";"http://sws.geonames.org/2463713/";"38.1217194444";"15.6489166667";"reggio-di-calabria"
"Catania";"087015";"09";"09";"CT03";"Tide gauge";"Mareografo";"operational";"Mare Ionio";"http://sws.geonames.org/2463713/";"37.4980805556";"15.093825";"catania"
"Crotone";"101010";"09";"09";"CR08";"Tide gauge";"Mareografo";"operational";"Mare Ionio";"http://sws.geonames.org/2463713/";"39.0835805556";"17.1370555556";"crotone"
"Messina";"083048";"09";"09";"ME13";"Tide gauge";"Mareografo";"operational";"Mare Ionio";"http://sws.geonames.org/2463713/";"38.1963138889";"15.5635138889";"messina"
"Taranto";"073027";"09";"09";"TA18";"Tide gauge";"Mareografo";"operational";"Mare Ionio";"http://sws.geonames.org/2463713/";"40.4756027778";"17.2237638889";"taranto"
