"MODEL";"NETWORK";"BEGINNING";"END";"TYPE_EN";"TYPE_IT";"STRUCTURE_EN";"STRUCTURE_IT";"MANUFACTURER";"MODEL_NAME";"HULL_TYPE";"DIAMETER";"MOORING_TYPE";"POSITIONING_SYSTEM";"TIME";"LEVELLING_EN";"LEVELLING_IT";"LOCATION_EN";"LOCATION_IT";"PDF";"IMAGE"
"SB36";"09";"2009";;"Tide gauge";"Mareografo";"Steel";"Acciaio";;;;;;;2010;"High-precision levelling";"Livellamento ad alta precisione";"Harbor";"Porto";"http://dati.isprambiente.it/rmn/San_Benedetto_Del_Tronto.pdf";"http://dati.isprambiente.it/rmn/San_Benedetto_Del_Tronto.jpg"
"IT45";"09";"2009";;"Tide gauge";"Mareografo";"Steel";"Acciaio";;;;;;;2010;"Differential GPS";"GPS differenziale";"Harbor";"Porto";"http://dati.isprambiente.it/rmn/Tremiti.pdf";"http://dati.isprambiente.it/rmn/Tremiti.jpg"
"LA23";"09";"2009";;"Tide gauge";"Mareografo";"Masonry";"Muratura";;;;;;;2010;"Differential GPS";"GPS differenziale";"Harbor";"Porto";"http://dati.isprambiente.it/rmn/Lampedusa.pdf";"http://dati.isprambiente.it/rmn/Lampedusa.jpg"
"VE19";"09";"2009";;"Tide gauge";"Mareografo";"Masonry";"Muratura";;;;;;;2010;"High-precision levelling";"Livellamento ad alta precisione";"Harbor";"Porto";"http://dati.isprambiente.it/rmn/Venezia.pdf";"http://dati.isprambiente.it/rmn/Venezia.jpg"
"VI12";"09";"2009";;"Tide gauge";"Mareografo";"Masonry";"Muratura";;;;;;;2010;"High-precision levelling";"Livellamento ad alta precisione";"Harbor";"Porto";"http://dati.isprambiente.it/rmn/Vieste.pdf";"http://dati.isprambiente.it/rmn/Vieste.jpg"
"CF06";"09";"2009";;"Tide gauge";"Mareografo";"Masonry";"Muratura";;;;;;;2010;"Differential GPS";"GPS differenziale";"Harbor";"Porto";"http://dati.isprambiente.it/rmn/Carloforte.pdf";"http://dati.isprambiente.it/rmn/Carloforte.jpg"
"TA18";"09";"2009";;"Tide gauge";"Mareografo";"Masonry";"Muratura";;;;;;;2010;"High-precision levelling";"Livellamento ad alta precisione";"Harbor";"Porto";"http://dati.isprambiente.it/rmn/Taranto.pdf";"http://dati.isprambiente.it/rmn/Taranto.jpg"
"NA23";"09";"2009";;"Tide gauge";"Mareografo";"Masonry";"Muratura";;;;;;;2010;"High-precision levelling";"Livellamento ad alta precisione";"Harbor";"Porto";"http://dati.isprambiente.it/rmn/Napoli.pdf";"http://dati.isprambiente.it/rmn/Napoli.jpg"
"MC41";"09";"2009";;"Tide gauge";"Mareografo";"Steel";"Acciaio";;;;;;;2010;"Differential GPS";"GPS differenziale";"Harbor";"Porto";"http://dati.isprambiente.it/rmn/Marina_Di_Campo.pdf";"http://dati.isprambiente.it/rmn/Marina_Di_Campo.jpg"
"ME13";"09";"2009";;"Tide gauge";"Mareografo";"Masonry";"Muratura";;;;;;;2010;"High-precision levelling";"Livellamento ad alta precisione";"Harbor";"Porto";"http://dati.isprambiente.it/rmn/Messina.pdf";"http://dati.isprambiente.it/rmn/Messina.jpg"
"CR08";"09";"2009";;"Tide gauge";"Mareografo";"Masonry";"Muratura";;;;;;;2010;"High-precision levelling";"Livellamento ad alta precisione";"Harbor";"Porto";"http://dati.isprambiente.it/rmn/Crotone.pdf";"http://dati.isprambiente.it/rmn/Crotone.jpg"
"OT15";"09";"2009";;"Tide gauge";"Mareografo";"Masonry";"Muratura";;;;;;;2010;"High-precision levelling";"Livellamento ad alta precisione";"Harbor";"Porto";"http://dati.isprambiente.it/rmn/Otranto.pdf";"http://dati.isprambiente.it/rmn/Otranto.jpg"
"TR22";"09";"2009";;"Tide gauge";"Mareografo";"Masonry";"Muratura";;;;;;;2010;"High-precision levelling";"Livellamento ad alta precisione";"Harbor";"Porto";"http://dati.isprambiente.it/rmn/Trieste.pdf";"http://dati.isprambiente.it/rmn/Trieste.jpg"
"RC09";"09";"2009";;"Tide gauge";"Mareografo";"Masonry";"Muratura";;;;;;;2010;"High-precision levelling";"Livellamento ad alta precisione";"Harbor";"Porto";"http://dati.isprambiente.it/rmn/Reggio_Calabria.pdf";"http://dati.isprambiente.it/rmn/Reggio_Calabria.jpg"
"AN15";"09";"2009";;"Tide gauge";"Mareografo";"Masonry";"Muratura";;;;;;;2010;"High-precision levelling";"Livellamento ad alta precisione";"Harbor";"Porto";"http://dati.isprambiente.it/rmn/Ancona.pdf";"http://dati.isprambiente.it/rmn/Ancona.jpg"
"ST44";"09";"2009";;"Tide gauge";"Mareografo";"Masonry";"Muratura";;;;;;;2010;"Differential GPS";"GPS differenziale";"Open sea";"Mare aperto";"http://dati.isprambiente.it/rmn/Strombolicchio.pdf";"http://dati.isprambiente.it/rmn/Strombolicchio.jpg"
"LA38";"09";"2009";;"Tide gauge";"Mareografo";"Steel";"Acciaio";;;;;;;2010;"High-precision levelling";"Livellamento ad alta precisione";"Harbor";"Porto";"http://dati.isprambiente.it/rmn/La_Spezia.pdf";"http://dati.isprambiente.it/rmn/La_Spezia.jpg"
"SC43";"09";"2009";;"Tide gauge";"Mareografo";"Steel";"Acciaio";;;;;;;2010;"High-precision levelling";"Livellamento ad alta precisione";"Harbor";"Porto";"http://dati.isprambiente.it/rmn/Sciacca.pdf";"http://dati.isprambiente.it/rmn/Sciacca.jpg"
"SA16";"09";"2009";;"Tide gauge";"Mareografo";"Masonry";"Muratura";;;;;;;2010;"High-precision levelling";"Livellamento ad alta precisione";"Harbor";"Porto";"http://dati.isprambiente.it/rmn/Salerno.pdf";"http://dati.isprambiente.it/rmn/Salerno.jpg"
"GI20";"09";"2009";;"Tide gauge";"Mareografo";"Steel";"Acciaio";;;;;;;2010;"High-precision levelling";"Livellamento ad alta precisione";"Open sea";"Mare aperto";"http://dati.isprambiente.it/rmn/Ginostra.pdf";"http://dati.isprambiente.it/rmn/Ginostra.jpg"
"PT17";"09";"2009";;"Tide gauge";"Mareografo";"Masonry";"Muratura";;;;;;;2010;"High-precision levelling";"Livellamento ad alta precisione";"Harbor";"Porto";"http://dati.isprambiente.it/rmn/Porto_Torres.pdf";"http://dati.isprambiente.it/rmn/Porto_Torres.jpg"
"CT03";"09";"2009";;"Tide gauge";"Mareografo";"Masonry";"Muratura";;;;;;;2010;"High-precision levelling";"Livellamento ad alta precisione";"Harbor";"Porto";"http://dati.isprambiente.it/rmn/Catania.pdf";"http://dati.isprambiente.it/rmn/Catania.jpg"
"PE09";"09";"2009";;"Tide gauge";"Mareografo";"Masonry";"Muratura";;;;;;;2010;"High-precision levelling";"Livellamento ad alta precisione";"Harbor";"Porto";"http://dati.isprambiente.it/rmn/Porto_Empedocle.pdf";"http://dati.isprambiente.it/rmn/Porto_Empedocle.jpg"
"GA37";"09";"2009";;"Tide gauge";"Mareografo";"Steel";"Acciaio";;;;;;;2010;"High-precision levelling";"Livellamento ad alta precisione";"Harbor";"Porto";"http://dati.isprambiente.it/rmn/Gaeta.pdf";"http://dati.isprambiente.it/rmn/Gaeta.jpg"
"AZ42";"09";"2009";;"Tide gauge";"Mareografo";"Steel";"Acciaio";;;;;;;2010;"High-precision levelling";"Livellamento ad alta precisione";"Harbor";"Porto";"http://dati.isprambiente.it/rmn/Anzio.pdf";"http://dati.isprambiente.it/rmn/Anzio.jpg"
"OR24";"09";"2009";;"Tide gauge";"Mareografo";"Masonry";"Muratura";;;;;;;2010;"High-precision levelling";"Livellamento ad alta precisione";"Harbor";"Porto";"http://dati.isprambiente.it/rmn/Ortona.pdf";"http://dati.isprambiente.it/rmn/Ortona.jpg"
"LI11";"09";"2009";;"Tide gauge";"Mareografo";"Masonry";"Muratura";;;;;;;2010;"High-precision levelling";"Livellamento ad alta precisione";"Harbor";"Porto";"http://dati.isprambiente.it/rmn/Livorno.pdf";"http://dati.isprambiente.it/rmn/Livorno.jpg"
"PL14";"09";"2009";;"Tide gauge";"Mareografo";"Masonry";"Muratura";;;;;;;2010;"High-precision levelling";"Livellamento ad alta precisione";"Harbor";"Porto";"http://dati.isprambiente.it/rmn/Palinuro.pdf";"http://dati.isprambiente.it/rmn/Palinuro.jpg"
"BA05";"09";"2009";;"Tide gauge";"Mareografo";"Masonry";"Muratura";;;;;;;2010;"High-precision levelling";"Livellamento ad alta precisione";"Harbor";"Porto";"http://dati.isprambiente.it/rmn/Bari.pdf";"http://dati.isprambiente.it/rmn/Bari.jpg"
"PO40";"09";"2009";;"Tide gauge";"Mareografo";"Steel";"Acciaio";;;;;;;2010;"Differential GPS";"GPS differenziale";"Harbor";"Porto";"http://dati.isprambiente.it/rmn/Ponza.pdf";"http://dati.isprambiente.it/rmn/Ponza.jpg"
"CI20";"09";"2009";;"Tide gauge";"Mareografo";"Masonry";"Muratura";;;;;;;2010;"High-precision levelling";"Livellamento ad alta precisione";"Harbor";"Porto";"http://dati.isprambiente.it/rmn/Civitavecchia.pdf";"http://dati.isprambiente.it/rmn/Civitavecchia.jpg"
"CA02";"09";"2009";;"Tide gauge";"Mareografo";"Masonry";"Muratura";;;;;;;2010;"High-precision levelling";"Livellamento ad alta precisione";"Harbor";"Porto";"http://dati.isprambiente.it/rmn/Cagliari.pdf";"http://dati.isprambiente.it/rmn/Cagliari.jpg"
"IM01";"09";"2009";;"Tide gauge";"Mareografo";"Masonry";"Muratura";;;;;;;2010;"High-precision levelling";"Livellamento ad alta precisione";"Harbor";"Porto";"http://dati.isprambiente.it/rmn/Imperia.pdf";"http://dati.isprambiente.it/rmn/Imperia.jpg"
"GE25";"09";"2009";;"Tide gauge";"Mareografo";"Masonry";"Muratura";;;;;;;2010;"High-precision levelling";"Livellamento ad alta precisione";"Harbor";"Porto";"http://dati.isprambiente.it/rmn/Genova.pdf";"http://dati.isprambiente.it/rmn/Genova.jpg"
"PA07";"09";"2009";;"Tide gauge";"Mareografo";"Masonry";"Muratura";;;;;;;2010;"High-precision levelling";"Livellamento ad alta precisione";"Harbor";"Porto";"http://dati.isprambiente.it/rmn/Palermo.pdf";"http://dati.isprambiente.it/rmn/Palermo.jpg"
"RA10";"09";"2009";;"Tide gauge";"Mareografo";"Masonry";"Muratura";;;;;;;2010;"High-precision levelling";"Livellamento ad alta precisione";"Harbor";"Porto";"http://dati.isprambiente.it/rmn/Ravenna.pdf";"http://dati.isprambiente.it/rmn/Ravenna.jpg"
