"MODEL";"WMO"
"RC09";"http://dati.isprambiente.it/id/skos/datastationType/marineStation"
"RC09";"http://dati.isprambiente.it/id/skos/datastationType/tsunamiStation"
"VI12";"http://dati.isprambiente.it/id/skos/datastationType/marineStation"
"VI12";"http://dati.isprambiente.it/id/skos/datastationType/tsunamiStation"
"VI12";"http://dati.isprambiente.it/id/skos/datastationType/qualityStation"
"AN15";"http://dati.isprambiente.it/id/skos/datastationType/marineStation"
"AN15";"http://dati.isprambiente.it/id/skos/datastationType/tsunamiStation"
"AZ42";"http://dati.isprambiente.it/id/skos/datastationType/marineStation"
"AZ42";"http://dati.isprambiente.it/id/skos/datastationType/tsunamiStation"
"BA05";"http://dati.isprambiente.it/id/skos/datastationType/marineStation"
"BA05";"http://dati.isprambiente.it/id/skos/datastationType/tsunamiStation"
"CA02";"http://dati.isprambiente.it/id/skos/datastationType/marineStation"
"CA02";"http://dati.isprambiente.it/id/skos/datastationType/tsunamiStation"
"CF06";"http://dati.isprambiente.it/id/skos/datastationType/marineStation"
"CF06";"http://dati.isprambiente.it/id/skos/datastationType/tsunamiStation"
"CF06";"http://dati.isprambiente.it/id/skos/datastationType/qualityStation"
"CT03";"http://dati.isprambiente.it/id/skos/datastationType/marineStation"
"CT03";"http://dati.isprambiente.it/id/skos/datastationType/tsunamiStation"
"CI20";"http://dati.isprambiente.it/id/skos/datastationType/marineStation"
"CI20";"http://dati.isprambiente.it/id/skos/datastationType/tsunamiStation"
"CR08";"http://dati.isprambiente.it/id/skos/datastationType/marineStation"
"CR08";"http://dati.isprambiente.it/id/skos/datastationType/tsunamiStation"
"GA37";"http://dati.isprambiente.it/id/skos/datastationType/marineStation"
"GA37";"http://dati.isprambiente.it/id/skos/datastationType/tsunamiStation"
"GE25";"http://dati.isprambiente.it/id/skos/datastationType/marineStation"
"GE25";"http://dati.isprambiente.it/id/skos/datastationType/tsunamiStation"
"GI20";"http://dati.isprambiente.it/id/skos/datastationType/marineStation"
"GI20";"http://dati.isprambiente.it/id/skos/datastationType/tsunamiStation"
"GI20";"http://dati.isprambiente.it/id/skos/datastationType/qualityStation"
"IM01";"http://dati.isprambiente.it/id/skos/datastationType/marineStation"
"IM01";"http://dati.isprambiente.it/id/skos/datastationType/tsunamiStation"
"IM01";"http://dati.isprambiente.it/id/skos/datastationType/qualityStation"
"IT45";"http://dati.isprambiente.it/id/skos/datastationType/marineStation"
"IT45";"http://dati.isprambiente.it/id/skos/datastationType/tsunamiStation"
"LA38";"http://dati.isprambiente.it/id/skos/datastationType/marineStation"
"LA38";"http://dati.isprambiente.it/id/skos/datastationType/tsunamiStation"
"LA23";"http://dati.isprambiente.it/id/skos/datastationType/marineStation"
"LA23";"http://dati.isprambiente.it/id/skos/datastationType/tsunamiStation"
"LA23";"http://dati.isprambiente.it/id/skos/datastationType/qualityStation"
"LI11";"http://dati.isprambiente.it/id/skos/datastationType/marineStation"
"LI11";"http://dati.isprambiente.it/id/skos/datastationType/tsunamiStation"
"MC41";"http://dati.isprambiente.it/id/skos/datastationType/marineStation"
"MC41";"http://dati.isprambiente.it/id/skos/datastationType/tsunamiStation"
"ME13";"http://dati.isprambiente.it/id/skos/datastationType/marineStation"
"ME13";"http://dati.isprambiente.it/id/skos/datastationType/tsunamiStation"
"ME13";"http://dati.isprambiente.it/id/skos/datastationType/qualityStation"
"NA23";"http://dati.isprambiente.it/id/skos/datastationType/marineStation"
"NA23";"http://dati.isprambiente.it/id/skos/datastationType/tsunamiStation"
"OR24";"http://dati.isprambiente.it/id/skos/datastationType/marineStation"
"OR24";"http://dati.isprambiente.it/id/skos/datastationType/tsunamiStation"
"OT15";"http://dati.isprambiente.it/id/skos/datastationType/marineStation"
"OT15";"http://dati.isprambiente.it/id/skos/datastationType/tsunamiStation"
"OT15";"http://dati.isprambiente.it/id/skos/datastationType/qualityStation"
"PA07";"http://dati.isprambiente.it/id/skos/datastationType/marineStation"
"PA07";"http://dati.isprambiente.it/id/skos/datastationType/tsunamiStation"
"PL14";"http://dati.isprambiente.it/id/skos/datastationType/marineStation"
"PL14";"http://dati.isprambiente.it/id/skos/datastationType/tsunamiStation"
"PL14";"http://dati.isprambiente.it/id/skos/datastationType/qualityStation"
"PO40";"http://dati.isprambiente.it/id/skos/datastationType/marineStation"
"PO40";"http://dati.isprambiente.it/id/skos/datastationType/tsunamiStation"
"PE09";"http://dati.isprambiente.it/id/skos/datastationType/marineStation"
"PE09";"http://dati.isprambiente.it/id/skos/datastationType/tsunamiStation"
"PT17";"http://dati.isprambiente.it/id/skos/datastationType/marineStation"
"PT17";"http://dati.isprambiente.it/id/skos/datastationType/tsunamiStation"
"PT17";"http://dati.isprambiente.it/id/skos/datastationType/qualityStation"
"RA10";"http://dati.isprambiente.it/id/skos/datastationType/marineStation"
"RA10";"http://dati.isprambiente.it/id/skos/datastationType/tsunamiStation"
"SA16";"http://dati.isprambiente.it/id/skos/datastationType/marineStation"
"SA16";"http://dati.isprambiente.it/id/skos/datastationType/tsunamiStation"
"SC43";"http://dati.isprambiente.it/id/skos/datastationType/marineStation"
"SC43";"http://dati.isprambiente.it/id/skos/datastationType/tsunamiStation"
"ST44";"http://dati.isprambiente.it/id/skos/datastationType/marineStation"
"ST44";"http://dati.isprambiente.it/id/skos/datastationType/tsunamiStation"
"TA18";"http://dati.isprambiente.it/id/skos/datastationType/marineStation"
"TA18";"http://dati.isprambiente.it/id/skos/datastationType/tsunamiStation"
"TR22";"http://dati.isprambiente.it/id/skos/datastationType/marineStation"
"TR22";"http://dati.isprambiente.it/id/skos/datastationType/tsunamiStation"
"TR22";"http://dati.isprambiente.it/id/skos/datastationType/qualityStation"
"VE19";"http://dati.isprambiente.it/id/skos/datastationType/marineStation"
"VE19";"http://dati.isprambiente.it/id/skos/datastationType/tsunamiStation"
"VE19";"http://dati.isprambiente.it/id/skos/datastationType/qualityStation"
"SB36";"http://dati.isprambiente.it/id/skos/datastationType/marineStation"
"SB36";"http://dati.isprambiente.it/id/skos/datastationType/tsunamiStation"
